observation_id,observation_date,observation_time,sequence_order,anatomical_region,previous_observation_id,next_observation_id,source_type,confidence_level,observation_scope_note
CSNRRM-OBS-0001,2013,unknown,1,hand,none,CSNRRM-OBS-0002,Representative image selected from private longitudinal archive,low,Demonstration record derived from low-density representative composite images; not the full private longitudinal archive and not independently validated ground truth.
CSNRRM-OBS-0002,2013,unknown,2,hand,CSNRRM-OBS-0001,CSNRRM-OBS-0003,Representative image selected from private longitudinal archive,low,Demonstration record derived from low-density representative composite images; not the full private longitudinal archive and not independently validated ground truth.
CSNRRM-OBS-0003,2013,unknown,3,hand,CSNRRM-OBS-0002,CSNRRM-OBS-0004,Representative image selected from private longitudinal archive,low,Demonstration record derived from low-density representative composite images; not the full private longitudinal archive and not independently validated ground truth.
CSNRRM-OBS-0004,2013,unknown,4,hand,CSNRRM-OBS-0003,CSNRRM-OBS-0005,Representative image selected from private longitudinal archive,low,Demonstration record derived from low-density representative composite images; not the full private longitudinal archive and not independently validated ground truth.
CSNRRM-OBS-0005,2013,unknown,5,"unknown (elbow/joint area, not confidently identifiable)",CSNRRM-OBS-0004,CSNRRM-OBS-0006,Representative image selected from private longitudinal archive,low,Demonstration record derived from low-density representative composite images; not the full private longitudinal archive and not independently validated ground truth.
CSNRRM-OBS-0006,2014,unknown,6,hand,CSNRRM-OBS-0005,CSNRRM-OBS-0007,Representative image selected from private longitudinal archive,low,Demonstration record derived from low-density representative composite images; not the full private longitudinal archive and not independently validated ground truth.
CSNRRM-OBS-0007,2014,unknown,7,hand,CSNRRM-OBS-0006,CSNRRM-OBS-0008,Representative image selected from private longitudinal archive,low,Demonstration record derived from low-density representative composite images; not the full private longitudinal archive and not independently validated ground truth.
CSNRRM-OBS-0008,2014,unknown,8,hand,CSNRRM-OBS-0007,CSNRRM-OBS-0009,Representative image selected from private longitudinal archive,low,Demonstration record derived from low-density representative composite images; not the full private longitudinal archive and not independently validated ground truth.
CSNRRM-OBS-0009,2014,unknown,9,hand,CSNRRM-OBS-0008,CSNRRM-OBS-0010,Representative image selected from private longitudinal archive,low,Demonstration record derived from low-density representative composite images; not the full private longitudinal archive and not independently validated ground truth.
CSNRRM-OBS-0010,2014,unknown,10,hand,CSNRRM-OBS-0009,CSNRRM-OBS-0011,Representative image selected from private longitudinal archive,low,Demonstration record derived from low-density representative composite images; not the full private longitudinal archive and not independently validated ground truth.
CSNRRM-OBS-0011,2014,unknown,11,hand,CSNRRM-OBS-0010,CSNRRM-OBS-0012,Representative image selected from private longitudinal archive,low,Demonstration record derived from low-density representative composite images; not the full private longitudinal archive and not independently validated ground truth.
CSNRRM-OBS-0012,2014,unknown,12,hand,CSNRRM-OBS-0011,CSNRRM-OBS-0013,Representative image selected from private longitudinal archive,low,Demonstration record derived from low-density representative composite images; not the full private longitudinal archive and not independently validated ground truth.
CSNRRM-OBS-0013,2014,unknown,13,hand,CSNRRM-OBS-0012,CSNRRM-OBS-0014,Representative image selected from private longitudinal archive,low,Demonstration record derived from low-density representative composite images; not the full private longitudinal archive and not independently validated ground truth.
CSNRRM-OBS-0014,2014,unknown,14,hand,CSNRRM-OBS-0013,CSNRRM-OBS-0015,Representative image selected from private longitudinal archive,low,Demonstration record derived from low-density representative composite images; not the full private longitudinal archive and not independently validated ground truth.
CSNRRM-OBS-0015,2014,unknown,15,hand,CSNRRM-OBS-0014,CSNRRM-OBS-0016,Representative image selected from private longitudinal archive,low,Demonstration record derived from low-density representative composite images; not the full private longitudinal archive and not independently validated ground truth.
CSNRRM-OBS-0016,2014,unknown,16,hand,CSNRRM-OBS-0015,CSNRRM-OBS-0017,Representative image selected from private longitudinal archive,low,Demonstration record derived from low-density representative composite images; not the full private longitudinal archive and not independently validated ground truth.
CSNRRM-OBS-0017,2014,unknown,17,hand,CSNRRM-OBS-0016,CSNRRM-OBS-0018,Representative image selected from private longitudinal archive,low,Demonstration record derived from low-density representative composite images; not the full private longitudinal archive and not independently validated ground truth.
CSNRRM-OBS-0018,2014,unknown,18,hand,CSNRRM-OBS-0017,CSNRRM-OBS-0019,Representative image selected from private longitudinal archive,low,Demonstration record derived from low-density representative composite images; not the full private longitudinal archive and not independently validated ground truth.
CSNRRM-OBS-0019,2014,unknown,19,hand,CSNRRM-OBS-0018,CSNRRM-OBS-0020,Representative image selected from private longitudinal archive,low,Demonstration record derived from low-density representative composite images; not the full private longitudinal archive and not independently validated ground truth.
CSNRRM-OBS-0020,2014,unknown,20,hand,CSNRRM-OBS-0019,CSNRRM-OBS-0021,Representative image selected from private longitudinal archive,low,Demonstration record derived from low-density representative composite images; not the full private longitudinal archive and not independently validated ground truth.
CSNRRM-OBS-0021,2014,unknown,21,hand,CSNRRM-OBS-0020,CSNRRM-OBS-0022,Representative image selected from private longitudinal archive,low,Demonstration record derived from low-density representative composite images; not the full private longitudinal archive and not independently validated ground truth.
CSNRRM-OBS-0022,2014,unknown,22,hand,CSNRRM-OBS-0021,CSNRRM-OBS-0023,Representative image selected from private longitudinal archive,low,Demonstration record derived from low-density representative composite images; not the full private longitudinal archive and not independently validated ground truth.
CSNRRM-OBS-0023,2014,unknown,23,hand,CSNRRM-OBS-0022,CSNRRM-OBS-0024,Representative image selected from private longitudinal archive,low,Demonstration record derived from low-density representative composite images; not the full private longitudinal archive and not independently validated ground truth.
CSNRRM-OBS-0024,2014,unknown,24,hand,CSNRRM-OBS-0023,CSNRRM-OBS-0025,Representative image selected from private longitudinal archive,low,Demonstration record derived from low-density representative composite images; not the full private longitudinal archive and not independently validated ground truth.
CSNRRM-OBS-0025,2014,unknown,25,hand,CSNRRM-OBS-0024,CSNRRM-OBS-0026,Representative image selected from private longitudinal archive,low,Demonstration record derived from low-density representative composite images; not the full private longitudinal archive and not independently validated ground truth.
CSNRRM-OBS-0026,2014,unknown,26,hand,CSNRRM-OBS-0025,CSNRRM-OBS-0027,Representative image selected from private longitudinal archive,low,Demonstration record derived from low-density representative composite images; not the full private longitudinal archive and not independently validated ground truth.
CSNRRM-OBS-0027,2014,unknown,27,"unknown (joint area, not confidently identifiable)",CSNRRM-OBS-0026,CSNRRM-OBS-0028,Representative image selected from private longitudinal archive,low,Demonstration record derived from low-density representative composite images; not the full private longitudinal archive and not independently validated ground truth.
CSNRRM-OBS-0028,2014,unknown,28,"unknown (joint area, not confidently identifiable)",CSNRRM-OBS-0027,CSNRRM-OBS-0029,Representative image selected from private longitudinal archive,low,Demonstration record derived from low-density representative composite images; not the full private longitudinal archive and not independently validated ground truth.
CSNRRM-OBS-0029,2014,unknown,29,hand,CSNRRM-OBS-0028,CSNRRM-OBS-0030,Representative image selected from private longitudinal archive,low,Demonstration record derived from low-density representative composite images; not the full private longitudinal archive and not independently validated ground truth.
CSNRRM-OBS-0030,2014,unknown,30,hand,CSNRRM-OBS-0029,CSNRRM-OBS-0031,Representative image selected from private longitudinal archive,low,Demonstration record derived from low-density representative composite images; not the full private longitudinal archive and not independently validated ground truth.
CSNRRM-OBS-0031,2014,unknown,31,hand,CSNRRM-OBS-0030,CSNRRM-OBS-0032,Representative image selected from private longitudinal archive,low,Demonstration record derived from low-density representative composite images; not the full private longitudinal archive and not independently validated ground truth.
CSNRRM-OBS-0032,2014,unknown,32,hand,CSNRRM-OBS-0031,CSNRRM-OBS-0033,Representative image selected from private longitudinal archive,low,Demonstration record derived from low-density representative composite images; not the full private longitudinal archive and not independently validated ground truth.
CSNRRM-OBS-0033,2014,unknown,33,hand,CSNRRM-OBS-0032,CSNRRM-OBS-0034,Representative image selected from private longitudinal archive,low,Demonstration record derived from low-density representative composite images; not the full private longitudinal archive and not independently validated ground truth.
CSNRRM-OBS-0034,2014,unknown,34,hand,CSNRRM-OBS-0033,CSNRRM-OBS-0035,Representative image selected from private longitudinal archive,low,Demonstration record derived from low-density representative composite images; not the full private longitudinal archive and not independently validated ground truth.
CSNRRM-OBS-0035,2015-05-21,00:57:13,35,hand,CSNRRM-OBS-0034,CSNRRM-OBS-0036,Representative image selected from private longitudinal archive,high,Demonstration record derived from low-density representative composite images; not the full private longitudinal archive and not independently validated ground truth.
CSNRRM-OBS-0036,2015-05-21,00:57:22,36,hand,CSNRRM-OBS-0035,CSNRRM-OBS-0037,Representative image selected from private longitudinal archive,high,Demonstration record derived from low-density representative composite images; not the full private longitudinal archive and not independently validated ground truth.
CSNRRM-OBS-0037,2015-05-25,09:44:01,37,hand,CSNRRM-OBS-0036,CSNRRM-OBS-0038,Representative image selected from private longitudinal archive,high,Demonstration record derived from low-density representative composite images; not the full private longitudinal archive and not independently validated ground truth.
CSNRRM-OBS-0038,2015-05-25,09:44:03,38,hand,CSNRRM-OBS-0037,CSNRRM-OBS-0039,Representative image selected from private longitudinal archive,high,Demonstration record derived from low-density representative composite images; not the full private longitudinal archive and not independently validated ground truth.
CSNRRM-OBS-0039,2015-05-25,09:44:06,39,hand,CSNRRM-OBS-0038,CSNRRM-OBS-0040,Representative image selected from private longitudinal archive,high,Demonstration record derived from low-density representative composite images; not the full private longitudinal archive and not independently validated ground truth.
CSNRRM-OBS-0040,2015-05-25,09:44:10,40,hand,CSNRRM-OBS-0039,CSNRRM-OBS-0041,Representative image selected from private longitudinal archive,high,Demonstration record derived from low-density representative composite images; not the full private longitudinal archive and not independently validated ground truth.
CSNRRM-OBS-0041,2015-05-25,09:44:18,41,hand,CSNRRM-OBS-0040,CSNRRM-OBS-0042,Representative image selected from private longitudinal archive,high,Demonstration record derived from low-density representative composite images; not the full private longitudinal archive and not independently validated ground truth.
CSNRRM-OBS-0042,2015-05-25,09:44:21,42,hand,CSNRRM-OBS-0041,CSNRRM-OBS-0043,Representative image selected from private longitudinal archive,high,Demonstration record derived from low-density representative composite images; not the full private longitudinal archive and not independently validated ground truth.
CSNRRM-OBS-0043,2015-05-25,09:44:23,43,hand,CSNRRM-OBS-0042,CSNRRM-OBS-0044,Representative image selected from private longitudinal archive,high,Demonstration record derived from low-density representative composite images; not the full private longitudinal archive and not independently validated ground truth.
CSNRRM-OBS-0044,2015-05-25,09:44:26,44,hand,CSNRRM-OBS-0043,CSNRRM-OBS-0045,Representative image selected from private longitudinal archive,high,Demonstration record derived from low-density representative composite images; not the full private longitudinal archive and not independently validated ground truth.
CSNRRM-OBS-0045,2015-05-25,09:44:32,45,hand,CSNRRM-OBS-0044,CSNRRM-OBS-0046,Representative image selected from private longitudinal archive,high,Demonstration record derived from low-density representative composite images; not the full private longitudinal archive and not independently validated ground truth.
CSNRRM-OBS-0046,2015-05-26,22:07:33,46,hand,CSNRRM-OBS-0045,CSNRRM-OBS-0047,Representative image selected from private longitudinal archive,high,Demonstration record derived from low-density representative composite images; not the full private longitudinal archive and not independently validated ground truth.
CSNRRM-OBS-0047,2015-05-26,22:07:48,47,hand,CSNRRM-OBS-0046,CSNRRM-OBS-0048,Representative image selected from private longitudinal archive,high,Demonstration record derived from low-density representative composite images; not the full private longitudinal archive and not independently validated ground truth.
CSNRRM-OBS-0048,2015-05-26,22:08:15,48,"unknown (ambiguous framing, not confidently identifiable)",CSNRRM-OBS-0047,CSNRRM-OBS-0049,Representative image selected from private longitudinal archive,medium,Demonstration record derived from low-density representative composite images; not the full private longitudinal archive and not independently validated ground truth.
CSNRRM-OBS-0049,2015-05-26,22:08:23,49,torso,CSNRRM-OBS-0048,CSNRRM-OBS-0050,Representative image selected from private longitudinal archive,high,Demonstration record derived from low-density representative composite images; not the full private longitudinal archive and not independently validated ground truth.
CSNRRM-OBS-0050,2015-05-31,12:55:51,50,torso,CSNRRM-OBS-0049,CSNRRM-OBS-0051,Representative image selected from private longitudinal archive,high,Demonstration record derived from low-density representative composite images; not the full private longitudinal archive and not independently validated ground truth.
CSNRRM-OBS-0051,2015-05-31,12:55:57,51,torso,CSNRRM-OBS-0050,CSNRRM-OBS-0052,Representative image selected from private longitudinal archive,high,Demonstration record derived from low-density representative composite images; not the full private longitudinal archive and not independently validated ground truth.
CSNRRM-OBS-0052,2015-05-31,12:56:16,52,torso,CSNRRM-OBS-0051,CSNRRM-OBS-0053,Representative image selected from private longitudinal archive,high,Demonstration record derived from low-density representative composite images; not the full private longitudinal archive and not independently validated ground truth.
CSNRRM-OBS-0053,2015-05-31,12:56:19,53,torso,CSNRRM-OBS-0052,CSNRRM-OBS-0054,Representative image selected from private longitudinal archive,high,Demonstration record derived from low-density representative composite images; not the full private longitudinal archive and not independently validated ground truth.
CSNRRM-OBS-0054,2015-05-31,12:56:31,54,torso,CSNRRM-OBS-0053,CSNRRM-OBS-0055,Representative image selected from private longitudinal archive,high,Demonstration record derived from low-density representative composite images; not the full private longitudinal archive and not independently validated ground truth.
CSNRRM-OBS-0055,2015-05-31,12:56:34,55,torso,CSNRRM-OBS-0054,CSNRRM-OBS-0056,Representative image selected from private longitudinal archive,high,Demonstration record derived from low-density representative composite images; not the full private longitudinal archive and not independently validated ground truth.
CSNRRM-OBS-0056,2015-05-31,12:56:52,56,torso,CSNRRM-OBS-0055,CSNRRM-OBS-0057,Representative image selected from private longitudinal archive,high,Demonstration record derived from low-density representative composite images; not the full private longitudinal archive and not independently validated ground truth.
CSNRRM-OBS-0057,2015-05-31,12:56:56,57,torso,CSNRRM-OBS-0056,CSNRRM-OBS-0058,Representative image selected from private longitudinal archive,high,Demonstration record derived from low-density representative composite images; not the full private longitudinal archive and not independently validated ground truth.
CSNRRM-OBS-0058,2015-05-31,12:56:57,58,torso,CSNRRM-OBS-0057,CSNRRM-OBS-0059,Representative image selected from private longitudinal archive,high,Demonstration record derived from low-density representative composite images; not the full private longitudinal archive and not independently validated ground truth.
CSNRRM-OBS-0059,2016-06-03,09:46:39,59,"unknown (limb, forearm or lower leg not confidently distinguishable)",CSNRRM-OBS-0058,CSNRRM-OBS-0060,Representative image selected from private longitudinal archive,medium,Demonstration record derived from low-density representative composite images; not the full private longitudinal archive and not independently validated ground truth.
CSNRRM-OBS-0060,2016-06-03,09:46:45,60,"unknown (limb, forearm or lower leg not confidently distinguishable)",CSNRRM-OBS-0059,CSNRRM-OBS-0061,Representative image selected from private longitudinal archive,medium,Demonstration record derived from low-density representative composite images; not the full private longitudinal archive and not independently validated ground truth.
CSNRRM-OBS-0061,2016-06-07,08:32:22,61,torso,CSNRRM-OBS-0060,CSNRRM-OBS-0062,Representative image selected from private longitudinal archive,high,Demonstration record derived from low-density representative composite images; not the full private longitudinal archive and not independently validated ground truth.
CSNRRM-OBS-0062,2016-06-07,08:32:25,62,torso,CSNRRM-OBS-0061,CSNRRM-OBS-0063,Representative image selected from private longitudinal archive,high,Demonstration record derived from low-density representative composite images; not the full private longitudinal archive and not independently validated ground truth.
CSNRRM-OBS-0063,2016-06-07,08:32:28,63,torso,CSNRRM-OBS-0062,CSNRRM-OBS-0064,Representative image selected from private longitudinal archive,high,Demonstration record derived from low-density representative composite images; not the full private longitudinal archive and not independently validated ground truth.
CSNRRM-OBS-0064,2016-06-07,08:32:31,64,torso,CSNRRM-OBS-0063,CSNRRM-OBS-0065,Representative image selected from private longitudinal archive,high,Demonstration record derived from low-density representative composite images; not the full private longitudinal archive and not independently validated ground truth.
CSNRRM-OBS-0065,2016-06-07,08:32:34,65,torso,CSNRRM-OBS-0064,CSNRRM-OBS-0066,Representative image selected from private longitudinal archive,high,Demonstration record derived from low-density representative composite images; not the full private longitudinal archive and not independently validated ground truth.
CSNRRM-OBS-0066,2016-06-21,08:05:39,66,hand,CSNRRM-OBS-0065,CSNRRM-OBS-0067,Representative image selected from private longitudinal archive,high,Demonstration record derived from low-density representative composite images; not the full private longitudinal archive and not independently validated ground truth.
CSNRRM-OBS-0067,2016-06-21,08:05:43,67,hand,CSNRRM-OBS-0066,CSNRRM-OBS-0068,Representative image selected from private longitudinal archive,high,Demonstration record derived from low-density representative composite images; not the full private longitudinal archive and not independently validated ground truth.
CSNRRM-OBS-0068,2016-06-21,08:05:47,68,hand,CSNRRM-OBS-0067,CSNRRM-OBS-0069,Representative image selected from private longitudinal archive,high,Demonstration record derived from low-density representative composite images; not the full private longitudinal archive and not independently validated ground truth.
CSNRRM-OBS-0069,2016-06-21,08:05:57,69,hand,CSNRRM-OBS-0068,CSNRRM-OBS-0070,Representative image selected from private longitudinal archive,high,Demonstration record derived from low-density representative composite images; not the full private longitudinal archive and not independently validated ground truth.
CSNRRM-OBS-0070,2016-06-21,08:06:00,70,hand,CSNRRM-OBS-0069,CSNRRM-OBS-0071,Representative image selected from private longitudinal archive,high,Demonstration record derived from low-density representative composite images; not the full private longitudinal archive and not independently validated ground truth.
CSNRRM-OBS-0071,2016-06-21,08:06:03,71,hand,CSNRRM-OBS-0070,CSNRRM-OBS-0072,Representative image selected from private longitudinal archive,high,Demonstration record derived from low-density representative composite images; not the full private longitudinal archive and not independently validated ground truth.
CSNRRM-OBS-0072,2016-06-28,18:55:53,72,torso,CSNRRM-OBS-0071,CSNRRM-OBS-0073,Representative image selected from private longitudinal archive,high,Demonstration record derived from low-density representative composite images; not the full private longitudinal archive and not independently validated ground truth.
CSNRRM-OBS-0073,2016-06-28,18:55:59,73,torso,CSNRRM-OBS-0072,CSNRRM-OBS-0074,Representative image selected from private longitudinal archive,high,Demonstration record derived from low-density representative composite images; not the full private longitudinal archive and not independently validated ground truth.
CSNRRM-OBS-0074,2016-06-28,18:56:05,74,torso,CSNRRM-OBS-0073,CSNRRM-OBS-0075,Representative image selected from private longitudinal archive,high,Demonstration record derived from low-density representative composite images; not the full private longitudinal archive and not independently validated ground truth.
CSNRRM-OBS-0075,2016-06-30,06:26:15,75,hand,CSNRRM-OBS-0074,CSNRRM-OBS-0076,Representative image selected from private longitudinal archive,high,Demonstration record derived from low-density representative composite images; not the full private longitudinal archive and not independently validated ground truth.
CSNRRM-OBS-0076,2016-06-30,06:26:20,76,hand,CSNRRM-OBS-0075,CSNRRM-OBS-0077,Representative image selected from private longitudinal archive,high,Demonstration record derived from low-density representative composite images; not the full private longitudinal archive and not independently validated ground truth.
CSNRRM-OBS-0077,2016-06-30,06:26:25,77,hand,CSNRRM-OBS-0076,CSNRRM-OBS-0078,Representative image selected from private longitudinal archive,high,Demonstration record derived from low-density representative composite images; not the full private longitudinal archive and not independently validated ground truth.
CSNRRM-OBS-0078,2016-06-30,06:26:27,78,hand,CSNRRM-OBS-0077,CSNRRM-OBS-0079,Representative image selected from private longitudinal archive,high,Demonstration record derived from low-density representative composite images; not the full private longitudinal archive and not independently validated ground truth.
CSNRRM-OBS-0079,2016-06-30,06:26:35,79,hand,CSNRRM-OBS-0078,CSNRRM-OBS-0080,Representative image selected from private longitudinal archive,high,Demonstration record derived from low-density representative composite images; not the full private longitudinal archive and not independently validated ground truth.
CSNRRM-OBS-0080,2016-06-30,06:26:43,80,hand,CSNRRM-OBS-0079,CSNRRM-OBS-0081,Representative image selected from private longitudinal archive,high,Demonstration record derived from low-density representative composite images; not the full private longitudinal archive and not independently validated ground truth.
CSNRRM-OBS-0081,2016-06-30,06:26:48,81,hand,CSNRRM-OBS-0080,CSNRRM-OBS-0082,Representative image selected from private longitudinal archive,high,Demonstration record derived from low-density representative composite images; not the full private longitudinal archive and not independently validated ground truth.
CSNRRM-OBS-0082,2016-06-30,06:26:52,82,hand,CSNRRM-OBS-0081,CSNRRM-OBS-0083,Representative image selected from private longitudinal archive,high,Demonstration record derived from low-density representative composite images; not the full private longitudinal archive and not independently validated ground truth.
CSNRRM-OBS-0083,2016-06-30,06:26:56,83,hand,CSNRRM-OBS-0082,CSNRRM-OBS-0084,Representative image selected from private longitudinal archive,high,Demonstration record derived from low-density representative composite images; not the full private longitudinal archive and not independently validated ground truth.
CSNRRM-OBS-0084,2016-06-30,06:27:02,84,arm (forearm),CSNRRM-OBS-0083,CSNRRM-OBS-0085,Representative image selected from private longitudinal archive,high,Demonstration record derived from low-density representative composite images; not the full private longitudinal archive and not independently validated ground truth.
CSNRRM-OBS-0085,2016-06-30,06:27:07,85,arm (forearm),CSNRRM-OBS-0084,CSNRRM-OBS-0086,Representative image selected from private longitudinal archive,high,Demonstration record derived from low-density representative composite images; not the full private longitudinal archive and not independently validated ground truth.
CSNRRM-OBS-0086,2016-06-30,06:27:10,86,arm (forearm),CSNRRM-OBS-0085,CSNRRM-OBS-0087,Representative image selected from private longitudinal archive,high,Demonstration record derived from low-density representative composite images; not the full private longitudinal archive and not independently validated ground truth.
CSNRRM-OBS-0087,2016-06-30,06:27:12,87,arm (forearm),CSNRRM-OBS-0086,CSNRRM-OBS-0088,Representative image selected from private longitudinal archive,high,Demonstration record derived from low-density representative composite images; not the full private longitudinal archive and not independently validated ground truth.
CSNRRM-OBS-0088,2016-06-30,06:27:15,88,arm (forearm),CSNRRM-OBS-0087,CSNRRM-OBS-0089,Representative image selected from private longitudinal archive,high,Demonstration record derived from low-density representative composite images; not the full private longitudinal archive and not independently validated ground truth.
CSNRRM-OBS-0089,2016-06-30,06:27:20,89,arm (forearm),CSNRRM-OBS-0088,CSNRRM-OBS-0090,Representative image selected from private longitudinal archive,high,Demonstration record derived from low-density representative composite images; not the full private longitudinal archive and not independently validated ground truth.
CSNRRM-OBS-0090,2016-06-30,06:27:22,90,arm (forearm),CSNRRM-OBS-0089,CSNRRM-OBS-0091,Representative image selected from private longitudinal archive,high,Demonstration record derived from low-density representative composite images; not the full private longitudinal archive and not independently validated ground truth.
CSNRRM-OBS-0091,2016-07-03,15:10:37,91,hand,CSNRRM-OBS-0090,CSNRRM-OBS-0092,Representative image selected from private longitudinal archive,high,Demonstration record derived from low-density representative composite images; not the full private longitudinal archive and not independently validated ground truth.
CSNRRM-OBS-0092,2016-07-03,15:10:51,92,hand,CSNRRM-OBS-0091,CSNRRM-OBS-0093,Representative image selected from private longitudinal archive,high,Demonstration record derived from low-density representative composite images; not the full private longitudinal archive and not independently validated ground truth.
CSNRRM-OBS-0093,2016-07-05,09:48:38,93,hand,CSNRRM-OBS-0092,CSNRRM-OBS-0094,Representative image selected from private longitudinal archive,high,Demonstration record derived from low-density representative composite images; not the full private longitudinal archive and not independently validated ground truth.
CSNRRM-OBS-0094,2016-07-05,09:48:42,94,hand,CSNRRM-OBS-0093,CSNRRM-OBS-0095,Representative image selected from private longitudinal archive,high,Demonstration record derived from low-density representative composite images; not the full private longitudinal archive and not independently validated ground truth.
CSNRRM-OBS-0095,2016-07-05,09:48:46,95,hand,CSNRRM-OBS-0094,CSNRRM-OBS-0096,Representative image selected from private longitudinal archive,high,Demonstration record derived from low-density representative composite images; not the full private longitudinal archive and not independently validated ground truth.
CSNRRM-OBS-0096,2016-07-05,09:48:49,96,hand,CSNRRM-OBS-0095,CSNRRM-OBS-0097,Representative image selected from private longitudinal archive,high,Demonstration record derived from low-density representative composite images; not the full private longitudinal archive and not independently validated ground truth.
CSNRRM-OBS-0097,2016-07-05,09:48:53,97,hand,CSNRRM-OBS-0096,CSNRRM-OBS-0098,Representative image selected from private longitudinal archive,high,Demonstration record derived from low-density representative composite images; not the full private longitudinal archive and not independently validated ground truth.
CSNRRM-OBS-0098,2016-07-05,09:48:59,98,hand,CSNRRM-OBS-0097,CSNRRM-OBS-0099,Representative image selected from private longitudinal archive,high,Demonstration record derived from low-density representative composite images; not the full private longitudinal archive and not independently validated ground truth.
CSNRRM-OBS-0099,2016-07-05,09:49:01,99,hand,CSNRRM-OBS-0098,CSNRRM-OBS-0100,Representative image selected from private longitudinal archive,high,Demonstration record derived from low-density representative composite images; not the full private longitudinal archive and not independently validated ground truth.
CSNRRM-OBS-0100,2016-07-05,09:49:05,100,hand,CSNRRM-OBS-0099,CSNRRM-OBS-0101,Representative image selected from private longitudinal archive,high,Demonstration record derived from low-density representative composite images; not the full private longitudinal archive and not independently validated ground truth.
CSNRRM-OBS-0101,2016-07-05,09:49:07,101,hand,CSNRRM-OBS-0100,CSNRRM-OBS-0102,Representative image selected from private longitudinal archive,high,Demonstration record derived from low-density representative composite images; not the full private longitudinal archive and not independently validated ground truth.
CSNRRM-OBS-0102,2016-07-05,09:49:11,102,hand,CSNRRM-OBS-0101,CSNRRM-OBS-0103,Representative image selected from private longitudinal archive,high,Demonstration record derived from low-density representative composite images; not the full private longitudinal archive and not independently validated ground truth.
CSNRRM-OBS-0103,2016-07-06,18:23:28,103,hand,CSNRRM-OBS-0102,CSNRRM-OBS-0104,Representative image selected from private longitudinal archive,high,Demonstration record derived from low-density representative composite images; not the full private longitudinal archive and not independently validated ground truth.
CSNRRM-OBS-0104,2016-07-06,18:23:32,104,hand,CSNRRM-OBS-0103,CSNRRM-OBS-0105,Representative image selected from private longitudinal archive,high,Demonstration record derived from low-density representative composite images; not the full private longitudinal archive and not independently validated ground truth.
CSNRRM-OBS-0105,2016-07-06,18:23:37,105,hand,CSNRRM-OBS-0104,CSNRRM-OBS-0106,Representative image selected from private longitudinal archive,high,Demonstration record derived from low-density representative composite images; not the full private longitudinal archive and not independently validated ground truth.
CSNRRM-OBS-0106,2016-07-06,18:23:38,106,hand,CSNRRM-OBS-0105,CSNRRM-OBS-0107,Representative image selected from private longitudinal archive,high,Demonstration record derived from low-density representative composite images; not the full private longitudinal archive and not independently validated ground truth.
CSNRRM-OBS-0107,2016-07-06,18:23:41,107,hand,CSNRRM-OBS-0106,CSNRRM-OBS-0108,Representative image selected from private longitudinal archive,high,Demonstration record derived from low-density representative composite images; not the full private longitudinal archive and not independently validated ground truth.
CSNRRM-OBS-0108,2016-07-07,23:06:41,108,unknown (not clearly resolvable at available resolution),CSNRRM-OBS-0107,CSNRRM-OBS-0109,Representative image selected from private longitudinal archive,medium,Demonstration record derived from low-density representative composite images; not the full private longitudinal archive and not independently validated ground truth.
CSNRRM-OBS-0109,2016-07-11,08:37:40,109,hand,CSNRRM-OBS-0108,CSNRRM-OBS-0110,Representative image selected from private longitudinal archive,high,Demonstration record derived from low-density representative composite images; not the full private longitudinal archive and not independently validated ground truth.
CSNRRM-OBS-0110,2016-07-11,08:37:46,110,hand,CSNRRM-OBS-0109,CSNRRM-OBS-0111,Representative image selected from private longitudinal archive,high,Demonstration record derived from low-density representative composite images; not the full private longitudinal archive and not independently validated ground truth.
CSNRRM-OBS-0111,2016-07-11,08:37:49,111,hand,CSNRRM-OBS-0110,CSNRRM-OBS-0112,Representative image selected from private longitudinal archive,high,Demonstration record derived from low-density representative composite images; not the full private longitudinal archive and not independently validated ground truth.
CSNRRM-OBS-0112,2016-07-11,08:37:56,112,hand,CSNRRM-OBS-0111,CSNRRM-OBS-0113,Representative image selected from private longitudinal archive,high,Demonstration record derived from low-density representative composite images; not the full private longitudinal archive and not independently validated ground truth.
CSNRRM-OBS-0113,2016-07-11,08:38:14,113,arm (forearm),CSNRRM-OBS-0112,CSNRRM-OBS-0114,Representative image selected from private longitudinal archive,high,Demonstration record derived from low-density representative composite images; not the full private longitudinal archive and not independently validated ground truth.
CSNRRM-OBS-0114,2016-07-11,08:38:24,114,arm (forearm),CSNRRM-OBS-0113,CSNRRM-OBS-0115,Representative image selected from private longitudinal archive,high,Demonstration record derived from low-density representative composite images; not the full private longitudinal archive and not independently validated ground truth.
CSNRRM-OBS-0115,2016-07-11,08:38:30,115,hand,CSNRRM-OBS-0114,CSNRRM-OBS-0116,Representative image selected from private longitudinal archive,high,Demonstration record derived from low-density representative composite images; not the full private longitudinal archive and not independently validated ground truth.
CSNRRM-OBS-0116,2016-07-11,08:38:33,116,hand,CSNRRM-OBS-0115,CSNRRM-OBS-0117,Representative image selected from private longitudinal archive,high,Demonstration record derived from low-density representative composite images; not the full private longitudinal archive and not independently validated ground truth.
CSNRRM-OBS-0117,2016-07-11,08:38:35,117,hand,CSNRRM-OBS-0116,CSNRRM-OBS-0118,Representative image selected from private longitudinal archive,high,Demonstration record derived from low-density representative composite images; not the full private longitudinal archive and not independently validated ground truth.
CSNRRM-OBS-0118,2016-07-11,08:38:38,118,hand,CSNRRM-OBS-0117,CSNRRM-OBS-0119,Representative image selected from private longitudinal archive,high,Demonstration record derived from low-density representative composite images; not the full private longitudinal archive and not independently validated ground truth.
CSNRRM-OBS-0119,2016-07-11,08:38:41,119,hand,CSNRRM-OBS-0118,CSNRRM-OBS-0120,Representative image selected from private longitudinal archive,high,Demonstration record derived from low-density representative composite images; not the full private longitudinal archive and not independently validated ground truth.
CSNRRM-OBS-0120,2016-07-11,08:38:46,120,hand,CSNRRM-OBS-0119,CSNRRM-OBS-0121,Representative image selected from private longitudinal archive,high,Demonstration record derived from low-density representative composite images; not the full private longitudinal archive and not independently validated ground truth.
CSNRRM-OBS-0121,2016-07-23,08:32:23,121,arm (forearm),CSNRRM-OBS-0120,CSNRRM-OBS-0122,Representative image selected from private longitudinal archive,high,Demonstration record derived from low-density representative composite images; not the full private longitudinal archive and not independently validated ground truth.
CSNRRM-OBS-0122,2016-07-23,08:32:30,122,arm (forearm),CSNRRM-OBS-0121,CSNRRM-OBS-0123,Representative image selected from private longitudinal archive,high,Demonstration record derived from low-density representative composite images; not the full private longitudinal archive and not independently validated ground truth.
CSNRRM-OBS-0123,2016-07-23,08:32:33,123,arm (forearm),CSNRRM-OBS-0122,CSNRRM-OBS-0124,Representative image selected from private longitudinal archive,high,Demonstration record derived from low-density representative composite images; not the full private longitudinal archive and not independently validated ground truth.
CSNRRM-OBS-0124,2016-07-23,08:32:36,124,"unknown (lower limb, foot/ankle area not confidently distinguishable)",CSNRRM-OBS-0123,CSNRRM-OBS-0125,Representative image selected from private longitudinal archive,medium,Demonstration record derived from low-density representative composite images; not the full private longitudinal archive and not independently validated ground truth.
CSNRRM-OBS-0125,2016-07-23,08:32:40,125,arm (forearm),CSNRRM-OBS-0124,CSNRRM-OBS-0126,Representative image selected from private longitudinal archive,high,Demonstration record derived from low-density representative composite images; not the full private longitudinal archive and not independently validated ground truth.
CSNRRM-OBS-0126,2016-07-23,08:32:45,126,arm (forearm),CSNRRM-OBS-0125,CSNRRM-OBS-0127,Representative image selected from private longitudinal archive,high,Demonstration record derived from low-density representative composite images; not the full private longitudinal archive and not independently validated ground truth.
CSNRRM-OBS-0127,2016-07-23,08:32:50,127,arm (forearm),CSNRRM-OBS-0126,CSNRRM-OBS-0128,Representative image selected from private longitudinal archive,high,Demonstration record derived from low-density representative composite images; not the full private longitudinal archive and not independently validated ground truth.
CSNRRM-OBS-0128,2016-07-23,08:32:53,128,arm (forearm),CSNRRM-OBS-0127,CSNRRM-OBS-0129,Representative image selected from private longitudinal archive,high,Demonstration record derived from low-density representative composite images; not the full private longitudinal archive and not independently validated ground truth.
CSNRRM-OBS-0129,2016-07-23,08:33:00,129,arm (forearm),CSNRRM-OBS-0128,CSNRRM-OBS-0130,Representative image selected from private longitudinal archive,high,Demonstration record derived from low-density representative composite images; not the full private longitudinal archive and not independently validated ground truth.
CSNRRM-OBS-0130,2016-07-23,08:33:06,130,arm (forearm),CSNRRM-OBS-0129,CSNRRM-OBS-0131,Representative image selected from private longitudinal archive,high,Demonstration record derived from low-density representative composite images; not the full private longitudinal archive and not independently validated ground truth.
CSNRRM-OBS-0131,2016-07-23,08:33:10,131,hand,CSNRRM-OBS-0130,CSNRRM-OBS-0132,Representative image selected from private longitudinal archive,high,Demonstration record derived from low-density representative composite images; not the full private longitudinal archive and not independently validated ground truth.
CSNRRM-OBS-0132,2016-07-23,08:33:13,132,hand,CSNRRM-OBS-0131,CSNRRM-OBS-0133,Representative image selected from private longitudinal archive,high,Demonstration record derived from low-density representative composite images; not the full private longitudinal archive and not independently validated ground truth.
CSNRRM-OBS-0133,2016-07-23,08:33:16,133,hand,CSNRRM-OBS-0132,CSNRRM-OBS-0134,Representative image selected from private longitudinal archive,high,Demonstration record derived from low-density representative composite images; not the full private longitudinal archive and not independently validated ground truth.
CSNRRM-OBS-0134,2016-07-23,08:33:18,134,hand,CSNRRM-OBS-0133,CSNRRM-OBS-0135,Representative image selected from private longitudinal archive,high,Demonstration record derived from low-density representative composite images; not the full private longitudinal archive and not independently validated ground truth.
CSNRRM-OBS-0135,2016-07-23,08:33:23,135,hand,CSNRRM-OBS-0134,CSNRRM-OBS-0136,Representative image selected from private longitudinal archive,high,Demonstration record derived from low-density representative composite images; not the full private longitudinal archive and not independently validated ground truth.
CSNRRM-OBS-0136,2016-07-23,08:33:25,136,hand,CSNRRM-OBS-0135,CSNRRM-OBS-0137,Representative image selected from private longitudinal archive,high,Demonstration record derived from low-density representative composite images; not the full private longitudinal archive and not independently validated ground truth.
CSNRRM-OBS-0137,2016-07-23,08:33:27,137,hand,CSNRRM-OBS-0136,CSNRRM-OBS-0138,Representative image selected from private longitudinal archive,high,Demonstration record derived from low-density representative composite images; not the full private longitudinal archive and not independently validated ground truth.
CSNRRM-OBS-0138,2016-07-24,12:42:30,138,"unknown (torso/hip area, not confidently specific)",CSNRRM-OBS-0137,CSNRRM-OBS-0139,Representative image selected from private longitudinal archive,medium,Demonstration record derived from low-density representative composite images; not the full private longitudinal archive and not independently validated ground truth.
CSNRRM-OBS-0139,2016-07-24,12:42:36,139,"unknown (torso/hip area, not confidently specific)",CSNRRM-OBS-0138,CSNRRM-OBS-0140,Representative image selected from private longitudinal archive,medium,Demonstration record derived from low-density representative composite images; not the full private longitudinal archive and not independently validated ground truth.
CSNRRM-OBS-0140,2016-07-24,12:42:39,140,"unknown (torso/hip area, not confidently specific)",CSNRRM-OBS-0139,CSNRRM-OBS-0141,Representative image selected from private longitudinal archive,medium,Demonstration record derived from low-density representative composite images; not the full private longitudinal archive and not independently validated ground truth.
CSNRRM-OBS-0141,2016-07-24,12:42:44,141,"unknown (torso/hip area, not confidently specific)",CSNRRM-OBS-0140,CSNRRM-OBS-0142,Representative image selected from private longitudinal archive,medium,Demonstration record derived from low-density representative composite images; not the full private longitudinal archive and not independently validated ground truth.
CSNRRM-OBS-0142,2016-07-24,12:42:48,142,"unknown (torso/hip area, not confidently specific)",CSNRRM-OBS-0141,CSNRRM-OBS-0143,Representative image selected from private longitudinal archive,medium,Demonstration record derived from low-density representative composite images; not the full private longitudinal archive and not independently validated ground truth.
CSNRRM-OBS-0143,2016-07-24,12:42:51,143,"unknown (torso/hip area, not confidently specific)",CSNRRM-OBS-0142,CSNRRM-OBS-0144,Representative image selected from private longitudinal archive,medium,Demonstration record derived from low-density representative composite images; not the full private longitudinal archive and not independently validated ground truth.
CSNRRM-OBS-0144,2016-07-24,12:42:55,144,"unknown (torso/hip area, not confidently specific)",CSNRRM-OBS-0143,CSNRRM-OBS-0145,Representative image selected from private longitudinal archive,medium,Demonstration record derived from low-density representative composite images; not the full private longitudinal archive and not independently validated ground truth.
CSNRRM-OBS-0145,2016-07-24,12:43:06,145,"unknown (limb, not confidently distinguishable)",CSNRRM-OBS-0144,CSNRRM-OBS-0146,Representative image selected from private longitudinal archive,medium,Demonstration record derived from low-density representative composite images; not the full private longitudinal archive and not independently validated ground truth.
CSNRRM-OBS-0146,2016-07-24,12:43:09,146,"unknown (limb, not confidently distinguishable)",CSNRRM-OBS-0145,CSNRRM-OBS-0147,Representative image selected from private longitudinal archive,medium,Demonstration record derived from low-density representative composite images; not the full private longitudinal archive and not independently validated ground truth.
CSNRRM-OBS-0147,2016-07-24,12:43:23,147,"unknown (limb, not confidently distinguishable)",CSNRRM-OBS-0146,CSNRRM-OBS-0148,Representative image selected from private longitudinal archive,medium,Demonstration record derived from low-density representative composite images; not the full private longitudinal archive and not independently validated ground truth.
CSNRRM-OBS-0148,2016-07-24,12:43:30,148,hand,CSNRRM-OBS-0147,CSNRRM-OBS-0149,Representative image selected from private longitudinal archive,high,Demonstration record derived from low-density representative composite images; not the full private longitudinal archive and not independently validated ground truth.
CSNRRM-OBS-0149,2016-07-24,12:43:42,149,"unknown (hand/joint edge, not confidently specific)",CSNRRM-OBS-0148,CSNRRM-OBS-0150,Representative image selected from private longitudinal archive,medium,Demonstration record derived from low-density representative composite images; not the full private longitudinal archive and not independently validated ground truth.
CSNRRM-OBS-0150,2016-07-24,12:43:47,150,hand,CSNRRM-OBS-0149,CSNRRM-OBS-0151,Representative image selected from private longitudinal archive,high,Demonstration record derived from low-density representative composite images; not the full private longitudinal archive and not independently validated ground truth.
CSNRRM-OBS-0151,2016-07-30,11:16:03,151,hand,CSNRRM-OBS-0150,CSNRRM-OBS-0152,Representative image selected from private longitudinal archive,high,Demonstration record derived from low-density representative composite images; not the full private longitudinal archive and not independently validated ground truth.
CSNRRM-OBS-0152,2016-07-30,11:19:33,152,"unknown (torso/hip area, not confidently specific)",CSNRRM-OBS-0151,CSNRRM-OBS-0153,Representative image selected from private longitudinal archive,medium,Demonstration record derived from low-density representative composite images; not the full private longitudinal archive and not independently validated ground truth.
CSNRRM-OBS-0153,2016-07-30,11:19:36,153,hand,CSNRRM-OBS-0152,CSNRRM-OBS-0154,Representative image selected from private longitudinal archive,high,Demonstration record derived from low-density representative composite images; not the full private longitudinal archive and not independently validated ground truth.
CSNRRM-OBS-0154,2016-07-30,11:19:38,154,hand,CSNRRM-OBS-0153,CSNRRM-OBS-0155,Representative image selected from private longitudinal archive,high,Demonstration record derived from low-density representative composite images; not the full private longitudinal archive and not independently validated ground truth.
CSNRRM-OBS-0155,2016-07-30,11:19:40,155,hand,CSNRRM-OBS-0154,CSNRRM-OBS-0156,Representative image selected from private longitudinal archive,high,Demonstration record derived from low-density representative composite images; not the full private longitudinal archive and not independently validated ground truth.
CSNRRM-OBS-0156,2016-07-30,11:19:45,156,hand,CSNRRM-OBS-0155,CSNRRM-OBS-0157,Representative image selected from private longitudinal archive,high,Demonstration record derived from low-density representative composite images; not the full private longitudinal archive and not independently validated ground truth.
CSNRRM-OBS-0157,2016-08-10,15:23:05,157,hand,CSNRRM-OBS-0156,CSNRRM-OBS-0158,Representative image selected from private longitudinal archive,high,Demonstration record derived from low-density representative composite images; not the full private longitudinal archive and not independently validated ground truth.
CSNRRM-OBS-0158,2016-08-10,15:23:10,158,hand,CSNRRM-OBS-0157,CSNRRM-OBS-0159,Representative image selected from private longitudinal archive,high,Demonstration record derived from low-density representative composite images; not the full private longitudinal archive and not independently validated ground truth.
CSNRRM-OBS-0159,2016-08-10,15:23:13,159,hand,CSNRRM-OBS-0158,CSNRRM-OBS-0160,Representative image selected from private longitudinal archive,high,Demonstration record derived from low-density representative composite images; not the full private longitudinal archive and not independently validated ground truth.
CSNRRM-OBS-0160,2016-08-10,15:23:18,160,hand,CSNRRM-OBS-0159,CSNRRM-OBS-0161,Representative image selected from private longitudinal archive,high,Demonstration record derived from low-density representative composite images; not the full private longitudinal archive and not independently validated ground truth.
CSNRRM-OBS-0161,2016-08-10,15:23:20,161,hand,CSNRRM-OBS-0160,CSNRRM-OBS-0162,Representative image selected from private longitudinal archive,high,Demonstration record derived from low-density representative composite images; not the full private longitudinal archive and not independently validated ground truth.
CSNRRM-OBS-0162,2016-08-10,15:23:23,162,hand,CSNRRM-OBS-0161,CSNRRM-OBS-0163,Representative image selected from private longitudinal archive,high,Demonstration record derived from low-density representative composite images; not the full private longitudinal archive and not independently validated ground truth.
CSNRRM-OBS-0163,2016-08-10,15:23:26,163,hand,CSNRRM-OBS-0162,CSNRRM-OBS-0164,Representative image selected from private longitudinal archive,high,Demonstration record derived from low-density representative composite images; not the full private longitudinal archive and not independently validated ground truth.
CSNRRM-OBS-0164,2016-09-12,10:59:12,164,hand,CSNRRM-OBS-0163,CSNRRM-OBS-0165,Representative image selected from private longitudinal archive,high,Demonstration record derived from low-density representative composite images; not the full private longitudinal archive and not independently validated ground truth.
CSNRRM-OBS-0165,2016-09-12,10:59:18,165,hand,CSNRRM-OBS-0164,CSNRRM-OBS-0166,Representative image selected from private longitudinal archive,high,Demonstration record derived from low-density representative composite images; not the full private longitudinal archive and not independently validated ground truth.
CSNRRM-OBS-0166,2016-09-24,07:08:26,166,hand,CSNRRM-OBS-0165,CSNRRM-OBS-0167,Representative image selected from private longitudinal archive,high,Demonstration record derived from low-density representative composite images; not the full private longitudinal archive and not independently validated ground truth.
CSNRRM-OBS-0167,2016-09-24,07:08:29,167,hand,CSNRRM-OBS-0166,CSNRRM-OBS-0168,Representative image selected from private longitudinal archive,high,Demonstration record derived from low-density representative composite images; not the full private longitudinal archive and not independently validated ground truth.
CSNRRM-OBS-0168,2016-09-24,07:08:32,168,hand,CSNRRM-OBS-0167,CSNRRM-OBS-0169,Representative image selected from private longitudinal archive,high,Demonstration record derived from low-density representative composite images; not the full private longitudinal archive and not independently validated ground truth.
CSNRRM-OBS-0169,2016-09-24,07:08:36,169,arm (forearm),CSNRRM-OBS-0168,CSNRRM-OBS-0170,Representative image selected from private longitudinal archive,high,Demonstration record derived from low-density representative composite images; not the full private longitudinal archive and not independently validated ground truth.
CSNRRM-OBS-0170,2016-09-24,07:08:39,170,arm (forearm),CSNRRM-OBS-0169,CSNRRM-OBS-0171,Representative image selected from private longitudinal archive,high,Demonstration record derived from low-density representative composite images; not the full private longitudinal archive and not independently validated ground truth.
CSNRRM-OBS-0171,2016-09-24,07:08:43,171,arm (forearm),CSNRRM-OBS-0170,CSNRRM-OBS-0172,Representative image selected from private longitudinal archive,high,Demonstration record derived from low-density representative composite images; not the full private longitudinal archive and not independently validated ground truth.
CSNRRM-OBS-0172,2016-09-24,07:08:44,172,hand,CSNRRM-OBS-0171,CSNRRM-OBS-0173,Representative image selected from private longitudinal archive,high,Demonstration record derived from low-density representative composite images; not the full private longitudinal archive and not independently validated ground truth.
CSNRRM-OBS-0173,2016-09-24,07:08:46,173,hand,CSNRRM-OBS-0172,CSNRRM-OBS-0174,Representative image selected from private longitudinal archive,high,Demonstration record derived from low-density representative composite images; not the full private longitudinal archive and not independently validated ground truth.
CSNRRM-OBS-0174,2016-09-24,07:08:51,174,hand,CSNRRM-OBS-0173,CSNRRM-OBS-0175,Representative image selected from private longitudinal archive,high,Demonstration record derived from low-density representative composite images; not the full private longitudinal archive and not independently validated ground truth.
CSNRRM-OBS-0175,2016-09-24,07:08:54,175,hand,CSNRRM-OBS-0174,CSNRRM-OBS-0176,Representative image selected from private longitudinal archive,high,Demonstration record derived from low-density representative composite images; not the full private longitudinal archive and not independently validated ground truth.
CSNRRM-OBS-0176,2016-09-24,07:08:57,176,hand,CSNRRM-OBS-0175,CSNRRM-OBS-0177,Representative image selected from private longitudinal archive,high,Demonstration record derived from low-density representative composite images; not the full private longitudinal archive and not independently validated ground truth.
CSNRRM-OBS-0177,2016-09-24,07:08:59,177,hand,CSNRRM-OBS-0176,CSNRRM-OBS-0178,Representative image selected from private longitudinal archive,high,Demonstration record derived from low-density representative composite images; not the full private longitudinal archive and not independently validated ground truth.
CSNRRM-OBS-0178,2016-09-24,07:09:02,178,arm (forearm),CSNRRM-OBS-0177,CSNRRM-OBS-0179,Representative image selected from private longitudinal archive,high,Demonstration record derived from low-density representative composite images; not the full private longitudinal archive and not independently validated ground truth.
CSNRRM-OBS-0179,2016-09-24,07:09:04,179,arm (forearm),CSNRRM-OBS-0178,CSNRRM-OBS-0180,Representative image selected from private longitudinal archive,high,Demonstration record derived from low-density representative composite images; not the full private longitudinal archive and not independently validated ground truth.
CSNRRM-OBS-0180,2016-09-24,07:09:10,180,arm (forearm),CSNRRM-OBS-0179,CSNRRM-OBS-0181,Representative image selected from private longitudinal archive,high,Demonstration record derived from low-density representative composite images; not the full private longitudinal archive and not independently validated ground truth.
CSNRRM-OBS-0181,2016-09-24,07:09:18,181,"unknown (close-up of digits, not confidently specific)",CSNRRM-OBS-0180,CSNRRM-OBS-0182,Representative image selected from private longitudinal archive,medium,Demonstration record derived from low-density representative composite images; not the full private longitudinal archive and not independently validated ground truth.
CSNRRM-OBS-0182,2016-09-24,07:09:21,182,"unknown (close-up of digits, not confidently specific)",CSNRRM-OBS-0181,CSNRRM-OBS-0183,Representative image selected from private longitudinal archive,medium,Demonstration record derived from low-density representative composite images; not the full private longitudinal archive and not independently validated ground truth.
CSNRRM-OBS-0183,2016-09-24,07:09:24,183,"unknown (close-up of digits, not confidently specific)",CSNRRM-OBS-0182,CSNRRM-OBS-0184,Representative image selected from private longitudinal archive,medium,Demonstration record derived from low-density representative composite images; not the full private longitudinal archive and not independently validated ground truth.
CSNRRM-OBS-0184,2016-09-24,07:09:27,184,"unknown (close-up of digits, not confidently specific)",CSNRRM-OBS-0183,CSNRRM-OBS-0185,Representative image selected from private longitudinal archive,medium,Demonstration record derived from low-density representative composite images; not the full private longitudinal archive and not independently validated ground truth.
CSNRRM-OBS-0185,2016-09-24,07:09:33,185,"unknown (limb, not confidently distinguishable)",CSNRRM-OBS-0184,CSNRRM-OBS-0186,Representative image selected from private longitudinal archive,medium,Demonstration record derived from low-density representative composite images; not the full private longitudinal archive and not independently validated ground truth.
CSNRRM-OBS-0186,2016-09-24,07:09:38,186,"unknown (limb, not confidently distinguishable)",CSNRRM-OBS-0185,CSNRRM-OBS-0187,Representative image selected from private longitudinal archive,medium,Demonstration record derived from low-density representative composite images; not the full private longitudinal archive and not independently validated ground truth.
CSNRRM-OBS-0187,2016-09-24,07:21:54,187,hand,CSNRRM-OBS-0186,CSNRRM-OBS-0188,Representative image selected from private longitudinal archive,high,Demonstration record derived from low-density representative composite images; not the full private longitudinal archive and not independently validated ground truth.
CSNRRM-OBS-0188,2016-09-24,07:21:56,188,hand,CSNRRM-OBS-0187,CSNRRM-OBS-0189,Representative image selected from private longitudinal archive,high,Demonstration record derived from low-density representative composite images; not the full private longitudinal archive and not independently validated ground truth.
CSNRRM-OBS-0189,2016-09-24,07:22:07,189,hand,CSNRRM-OBS-0188,CSNRRM-OBS-0190,Representative image selected from private longitudinal archive,high,Demonstration record derived from low-density representative composite images; not the full private longitudinal archive and not independently validated ground truth.
CSNRRM-OBS-0190,2016-09-29,07:51:27,190,hand,CSNRRM-OBS-0189,CSNRRM-OBS-0191,Representative image selected from private longitudinal archive,high,Demonstration record derived from low-density representative composite images; not the full private longitudinal archive and not independently validated ground truth.
CSNRRM-OBS-0191,2016-09-29,07:51:30,191,hand,CSNRRM-OBS-0190,CSNRRM-OBS-0192,Representative image selected from private longitudinal archive,high,Demonstration record derived from low-density representative composite images; not the full private longitudinal archive and not independently validated ground truth.
CSNRRM-OBS-0192,2016-09-29,07:51:33,192,hand,CSNRRM-OBS-0191,CSNRRM-OBS-0193,Representative image selected from private longitudinal archive,high,Demonstration record derived from low-density representative composite images; not the full private longitudinal archive and not independently validated ground truth.
CSNRRM-OBS-0193,2016-09-29,07:51:37,193,hand,CSNRRM-OBS-0192,CSNRRM-OBS-0194,Representative image selected from private longitudinal archive,high,Demonstration record derived from low-density representative composite images; not the full private longitudinal archive and not independently validated ground truth.
CSNRRM-OBS-0194,2016-09-29,07:51:39,194,hand,CSNRRM-OBS-0193,CSNRRM-OBS-0195,Representative image selected from private longitudinal archive,high,Demonstration record derived from low-density representative composite images; not the full private longitudinal archive and not independently validated ground truth.
CSNRRM-OBS-0195,2016-09-29,07:51:43,195,arm (forearm),CSNRRM-OBS-0194,CSNRRM-OBS-0196,Representative image selected from private longitudinal archive,high,Demonstration record derived from low-density representative composite images; not the full private longitudinal archive and not independently validated ground truth.
CSNRRM-OBS-0196,2016-09-29,07:51:45,196,arm (forearm),CSNRRM-OBS-0195,CSNRRM-OBS-0197,Representative image selected from private longitudinal archive,high,Demonstration record derived from low-density representative composite images; not the full private longitudinal archive and not independently validated ground truth.
CSNRRM-OBS-0197,2016-09-29,07:51:50,197,hand,CSNRRM-OBS-0196,CSNRRM-OBS-0198,Representative image selected from private longitudinal archive,high,Demonstration record derived from low-density representative composite images; not the full private longitudinal archive and not independently validated ground truth.
CSNRRM-OBS-0198,2016-09-29,07:51:52,198,hand,CSNRRM-OBS-0197,CSNRRM-OBS-0199,Representative image selected from private longitudinal archive,high,Demonstration record derived from low-density representative composite images; not the full private longitudinal archive and not independently validated ground truth.
CSNRRM-OBS-0199,2016-09-29,07:51:54,199,hand,CSNRRM-OBS-0198,CSNRRM-OBS-0200,Representative image selected from private longitudinal archive,high,Demonstration record derived from low-density representative composite images; not the full private longitudinal archive and not independently validated ground truth.
CSNRRM-OBS-0200,2016-09-29,07:51:56,200,hand,CSNRRM-OBS-0199,CSNRRM-OBS-0201,Representative image selected from private longitudinal archive,high,Demonstration record derived from low-density representative composite images; not the full private longitudinal archive and not independently validated ground truth.
CSNRRM-OBS-0201,2016-09-29,07:51:59,201,hand,CSNRRM-OBS-0200,CSNRRM-OBS-0202,Representative image selected from private longitudinal archive,high,Demonstration record derived from low-density representative composite images; not the full private longitudinal archive and not independently validated ground truth.
CSNRRM-OBS-0202,2016-09-29,07:52:00,202,hand,CSNRRM-OBS-0201,CSNRRM-OBS-0203,Representative image selected from private longitudinal archive,high,Demonstration record derived from low-density representative composite images; not the full private longitudinal archive and not independently validated ground truth.
CSNRRM-OBS-0203,2016-09-29,07:52:03,203,hand,CSNRRM-OBS-0202,CSNRRM-OBS-0204,Representative image selected from private longitudinal archive,high,Demonstration record derived from low-density representative composite images; not the full private longitudinal archive and not independently validated ground truth.
CSNRRM-OBS-0204,2016-09-29,07:52:05,204,arm (forearm),CSNRRM-OBS-0203,CSNRRM-OBS-0205,Representative image selected from private longitudinal archive,high,Demonstration record derived from low-density representative composite images; not the full private longitudinal archive and not independently validated ground truth.
CSNRRM-OBS-0205,2016-09-29,07:52:08,205,arm (forearm),CSNRRM-OBS-0204,CSNRRM-OBS-0206,Representative image selected from private longitudinal archive,high,Demonstration record derived from low-density representative composite images; not the full private longitudinal archive and not independently validated ground truth.
CSNRRM-OBS-0206,2016-09-29,07:52:10,206,arm (forearm),CSNRRM-OBS-0205,CSNRRM-OBS-0207,Representative image selected from private longitudinal archive,high,Demonstration record derived from low-density representative composite images; not the full private longitudinal archive and not independently validated ground truth.
CSNRRM-OBS-0207,2016-09-29,07:52:12,207,arm (forearm),CSNRRM-OBS-0206,CSNRRM-OBS-0208,Representative image selected from private longitudinal archive,high,Demonstration record derived from low-density representative composite images; not the full private longitudinal archive and not independently validated ground truth.
CSNRRM-OBS-0208,2016-10-19,08:24:56,208,hand,CSNRRM-OBS-0207,CSNRRM-OBS-0209,Representative image selected from private longitudinal archive,high,Demonstration record derived from low-density representative composite images; not the full private longitudinal archive and not independently validated ground truth.
CSNRRM-OBS-0209,2016-10-19,08:25:01,209,arm (forearm),CSNRRM-OBS-0208,CSNRRM-OBS-0210,Representative image selected from private longitudinal archive,high,Demonstration record derived from low-density representative composite images; not the full private longitudinal archive and not independently validated ground truth.
CSNRRM-OBS-0210,2016-10-19,08:25:05,210,hand,CSNRRM-OBS-0209,CSNRRM-OBS-0211,Representative image selected from private longitudinal archive,high,Demonstration record derived from low-density representative composite images; not the full private longitudinal archive and not independently validated ground truth.
CSNRRM-OBS-0211,2016-10-19,08:25:11,211,arm (forearm),CSNRRM-OBS-0210,CSNRRM-OBS-0212,Representative image selected from private longitudinal archive,high,Demonstration record derived from low-density representative composite images; not the full private longitudinal archive and not independently validated ground truth.
CSNRRM-OBS-0212,2016-10-19,08:25:18,212,hand,CSNRRM-OBS-0211,CSNRRM-OBS-0213,Representative image selected from private longitudinal archive,high,Demonstration record derived from low-density representative composite images; not the full private longitudinal archive and not independently validated ground truth.
CSNRRM-OBS-0213,2016-10-19,08:25:20,213,hand,CSNRRM-OBS-0212,CSNRRM-OBS-0214,Representative image selected from private longitudinal archive,high,Demonstration record derived from low-density representative composite images; not the full private longitudinal archive and not independently validated ground truth.
CSNRRM-OBS-0214,2016-10-19,08:25:25,214,hand,CSNRRM-OBS-0213,CSNRRM-OBS-0215,Representative image selected from private longitudinal archive,high,Demonstration record derived from low-density representative composite images; not the full private longitudinal archive and not independently validated ground truth.
CSNRRM-OBS-0215,2016-10-19,08:25:29,215,hand,CSNRRM-OBS-0214,CSNRRM-OBS-0216,Representative image selected from private longitudinal archive,high,Demonstration record derived from low-density representative composite images; not the full private longitudinal archive and not independently validated ground truth.
CSNRRM-OBS-0216,2016-10-19,08:25:34,216,arm (forearm),CSNRRM-OBS-0215,CSNRRM-OBS-0217,Representative image selected from private longitudinal archive,high,Demonstration record derived from low-density representative composite images; not the full private longitudinal archive and not independently validated ground truth.
CSNRRM-OBS-0217,2016-10-22,08:26:51,217,hand,CSNRRM-OBS-0216,CSNRRM-OBS-0218,Representative image selected from private longitudinal archive,high,Demonstration record derived from low-density representative composite images; not the full private longitudinal archive and not independently validated ground truth.
CSNRRM-OBS-0218,2016-10-22,08:26:54,218,hand,CSNRRM-OBS-0217,CSNRRM-OBS-0219,Representative image selected from private longitudinal archive,high,Demonstration record derived from low-density representative composite images; not the full private longitudinal archive and not independently validated ground truth.
CSNRRM-OBS-0219,2016-10-22,08:27:00,219,hand,CSNRRM-OBS-0218,CSNRRM-OBS-0220,Representative image selected from private longitudinal archive,high,Demonstration record derived from low-density representative composite images; not the full private longitudinal archive and not independently validated ground truth.
CSNRRM-OBS-0220,2016-10-22,08:27:04,220,hand,CSNRRM-OBS-0219,CSNRRM-OBS-0221,Representative image selected from private longitudinal archive,high,Demonstration record derived from low-density representative composite images; not the full private longitudinal archive and not independently validated ground truth.
CSNRRM-OBS-0221,2016-10-22,08:27:06,221,hand,CSNRRM-OBS-0220,CSNRRM-OBS-0222,Representative image selected from private longitudinal archive,high,Demonstration record derived from low-density representative composite images; not the full private longitudinal archive and not independently validated ground truth.
CSNRRM-OBS-0222,2016-10-22,08:27:07,222,hand,CSNRRM-OBS-0221,CSNRRM-OBS-0223,Representative image selected from private longitudinal archive,high,Demonstration record derived from low-density representative composite images; not the full private longitudinal archive and not independently validated ground truth.
CSNRRM-OBS-0223,2016-10-22,08:27:08,223,hand,CSNRRM-OBS-0222,CSNRRM-OBS-0224,Representative image selected from private longitudinal archive,high,Demonstration record derived from low-density representative composite images; not the full private longitudinal archive and not independently validated ground truth.
CSNRRM-OBS-0224,2016-10-30,07:05:09,224,hand,CSNRRM-OBS-0223,CSNRRM-OBS-0225,Representative image selected from private longitudinal archive,high,Demonstration record derived from low-density representative composite images; not the full private longitudinal archive and not independently validated ground truth.
CSNRRM-OBS-0225,2016-10-30,07:05:12,225,hand,CSNRRM-OBS-0224,CSNRRM-OBS-0226,Representative image selected from private longitudinal archive,high,Demonstration record derived from low-density representative composite images; not the full private longitudinal archive and not independently validated ground truth.
CSNRRM-OBS-0226,2016-10-30,07:05:14,226,hand,CSNRRM-OBS-0225,CSNRRM-OBS-0227,Representative image selected from private longitudinal archive,high,Demonstration record derived from low-density representative composite images; not the full private longitudinal archive and not independently validated ground truth.
CSNRRM-OBS-0227,2016-10-30,07:05:17,227,hand,CSNRRM-OBS-0226,CSNRRM-OBS-0228,Representative image selected from private longitudinal archive,high,Demonstration record derived from low-density representative composite images; not the full private longitudinal archive and not independently validated ground truth.
CSNRRM-OBS-0228,2016-10-30,07:05:39,228,arm (forearm),CSNRRM-OBS-0227,CSNRRM-OBS-0229,Representative image selected from private longitudinal archive,high,Demonstration record derived from low-density representative composite images; not the full private longitudinal archive and not independently validated ground truth.
CSNRRM-OBS-0229,2016-10-30,07:05:42,229,hand,CSNRRM-OBS-0228,CSNRRM-OBS-0230,Representative image selected from private longitudinal archive,high,Demonstration record derived from low-density representative composite images; not the full private longitudinal archive and not independently validated ground truth.
CSNRRM-OBS-0230,2016-10-30,07:05:46,230,hand,CSNRRM-OBS-0229,CSNRRM-OBS-0231,Representative image selected from private longitudinal archive,high,Demonstration record derived from low-density representative composite images; not the full private longitudinal archive and not independently validated ground truth.
CSNRRM-OBS-0231,2016-10-30,07:05:47,231,hand,CSNRRM-OBS-0230,CSNRRM-OBS-0232,Representative image selected from private longitudinal archive,high,Demonstration record derived from low-density representative composite images; not the full private longitudinal archive and not independently validated ground truth.
CSNRRM-OBS-0232,2016-10-30,07:05:49,232,"unknown (elbow/joint area, not confidently identifiable)",CSNRRM-OBS-0231,CSNRRM-OBS-0233,Representative image selected from private longitudinal archive,medium,Demonstration record derived from low-density representative composite images; not the full private longitudinal archive and not independently validated ground truth.
CSNRRM-OBS-0233,2016-10-30,07:05:53,233,"unknown (elbow/joint area, not confidently identifiable)",CSNRRM-OBS-0232,CSNRRM-OBS-0234,Representative image selected from private longitudinal archive,medium,Demonstration record derived from low-density representative composite images; not the full private longitudinal archive and not independently validated ground truth.
CSNRRM-OBS-0234,2016-10-30,07:05:55,234,hand,CSNRRM-OBS-0233,CSNRRM-OBS-0235,Representative image selected from private longitudinal archive,high,Demonstration record derived from low-density representative composite images; not the full private longitudinal archive and not independently validated ground truth.
CSNRRM-OBS-0235,2016-10-30,07:05:58,235,hand,CSNRRM-OBS-0234,CSNRRM-OBS-0236,Representative image selected from private longitudinal archive,high,Demonstration record derived from low-density representative composite images; not the full private longitudinal archive and not independently validated ground truth.
CSNRRM-OBS-0236,2016-12-20,09:44:51,236,hand,CSNRRM-OBS-0235,CSNRRM-OBS-0237,Representative image selected from private longitudinal archive,high,Demonstration record derived from low-density representative composite images; not the full private longitudinal archive and not independently validated ground truth.
CSNRRM-OBS-0237,2016-12-20,09:44:56,237,hand,CSNRRM-OBS-0236,CSNRRM-OBS-0238,Representative image selected from private longitudinal archive,high,Demonstration record derived from low-density representative composite images; not the full private longitudinal archive and not independently validated ground truth.
CSNRRM-OBS-0238,2016-12-20,09:44:59,238,"unknown (lower limb, ankle/foot area not confidently distinguishable)",CSNRRM-OBS-0237,CSNRRM-OBS-0239,Representative image selected from private longitudinal archive,medium,Demonstration record derived from low-density representative composite images; not the full private longitudinal archive and not independently validated ground truth.
CSNRRM-OBS-0239,2016-12-20,09:45:06,239,"unknown (limb; arm or leg not distinguishable, no hand/foot visible)",CSNRRM-OBS-0238,CSNRRM-OBS-0240,Representative image selected from private longitudinal archive,medium,Demonstration record derived from low-density representative composite images; not the full private longitudinal archive and not independently validated ground truth.
CSNRRM-OBS-0240,2016-12-20,09:45:11,240,hand,CSNRRM-OBS-0239,CSNRRM-OBS-0241,Representative image selected from private longitudinal archive,high,Demonstration record derived from low-density representative composite images; not the full private longitudinal archive and not independently validated ground truth.
CSNRRM-OBS-0241,2016-12-20,09:45:19,241,hand,CSNRRM-OBS-0240,CSNRRM-OBS-0242,Representative image selected from private longitudinal archive,high,Demonstration record derived from low-density representative composite images; not the full private longitudinal archive and not independently validated ground truth.
CSNRRM-OBS-0242,2016-12-20,09:45:21,242,hand,CSNRRM-OBS-0241,CSNRRM-OBS-0243,Representative image selected from private longitudinal archive,high,Demonstration record derived from low-density representative composite images; not the full private longitudinal archive and not independently validated ground truth.
CSNRRM-OBS-0243,2016-12-20,09:45:24,243,hand,CSNRRM-OBS-0242,CSNRRM-OBS-0244,Representative image selected from private longitudinal archive,high,Demonstration record derived from low-density representative composite images; not the full private longitudinal archive and not independently validated ground truth.
CSNRRM-OBS-0244,2016-12-20,09:45:32,244,arm (forearm),CSNRRM-OBS-0243,CSNRRM-OBS-0245,Representative image selected from private longitudinal archive,high,Demonstration record derived from low-density representative composite images; not the full private longitudinal archive and not independently validated ground truth.
CSNRRM-OBS-0245,2016-12-20,09:45:35,245,arm (forearm),CSNRRM-OBS-0244,CSNRRM-OBS-0246,Representative image selected from private longitudinal archive,high,Demonstration record derived from low-density representative composite images; not the full private longitudinal archive and not independently validated ground truth.
CSNRRM-OBS-0246,2016-12-20,09:47:53,246,"unknown (elbow/joint area, not confidently identifiable)",CSNRRM-OBS-0245,CSNRRM-OBS-0247,Representative image selected from private longitudinal archive,medium,Demonstration record derived from low-density representative composite images; not the full private longitudinal archive and not independently validated ground truth.
CSNRRM-OBS-0247,2016-12-20,09:47:56,247,"unknown (elbow/joint area, not confidently identifiable)",CSNRRM-OBS-0246,CSNRRM-OBS-0248,Representative image selected from private longitudinal archive,medium,Demonstration record derived from low-density representative composite images; not the full private longitudinal archive and not independently validated ground truth.
CSNRRM-OBS-0248,2016-12-20,09:48:02,248,hand,CSNRRM-OBS-0247,CSNRRM-OBS-0249,Representative image selected from private longitudinal archive,high,Demonstration record derived from low-density representative composite images; not the full private longitudinal archive and not independently validated ground truth.
CSNRRM-OBS-0249,2016-12-20,09:48:06,249,foot,CSNRRM-OBS-0248,CSNRRM-OBS-0250,Representative image selected from private longitudinal archive,high,Demonstration record derived from low-density representative composite images; not the full private longitudinal archive and not independently validated ground truth.
CSNRRM-OBS-0250,2016-12-20,09:48:09,250,"unknown (leg/knee area, not confidently specific)",CSNRRM-OBS-0249,CSNRRM-OBS-0251,Representative image selected from private longitudinal archive,medium,Demonstration record derived from low-density representative composite images; not the full private longitudinal archive and not independently validated ground truth.
CSNRRM-OBS-0251,2016-12-20,09:48:12,251,"unknown (elbow/joint area, not confidently identifiable)",CSNRRM-OBS-0250,CSNRRM-OBS-0252,Representative image selected from private longitudinal archive,medium,Demonstration record derived from low-density representative composite images; not the full private longitudinal archive and not independently validated ground truth.
CSNRRM-OBS-0252,2016-12-20,09:48:15,252,foot,CSNRRM-OBS-0251,CSNRRM-OBS-0253,Representative image selected from private longitudinal archive,high,Demonstration record derived from low-density representative composite images; not the full private longitudinal archive and not independently validated ground truth.
CSNRRM-OBS-0253,2017-02-01,08:26:52,253,hand,CSNRRM-OBS-0252,CSNRRM-OBS-0254,Representative image selected from private longitudinal archive,high,Demonstration record derived from low-density representative composite images; not the full private longitudinal archive and not independently validated ground truth.
CSNRRM-OBS-0254,2017-02-01,08:26:54,254,hand,CSNRRM-OBS-0253,CSNRRM-OBS-0255,Representative image selected from private longitudinal archive,high,Demonstration record derived from low-density representative composite images; not the full private longitudinal archive and not independently validated ground truth.
CSNRRM-OBS-0255,2017-02-01,08:26:57,255,hand,CSNRRM-OBS-0254,CSNRRM-OBS-0256,Representative image selected from private longitudinal archive,high,Demonstration record derived from low-density representative composite images; not the full private longitudinal archive and not independently validated ground truth.
CSNRRM-OBS-0256,2017-02-01,08:27:05,256,arm (forearm),CSNRRM-OBS-0255,CSNRRM-OBS-0257,Representative image selected from private longitudinal archive,high,Demonstration record derived from low-density representative composite images; not the full private longitudinal archive and not independently validated ground truth.
CSNRRM-OBS-0257,2017-02-01,08:27:06,257,arm (forearm),CSNRRM-OBS-0256,CSNRRM-OBS-0258,Representative image selected from private longitudinal archive,high,Demonstration record derived from low-density representative composite images; not the full private longitudinal archive and not independently validated ground truth.
CSNRRM-OBS-0258,2017-02-01,08:27:13,258,hand,CSNRRM-OBS-0257,CSNRRM-OBS-0259,Representative image selected from private longitudinal archive,high,Demonstration record derived from low-density representative composite images; not the full private longitudinal archive and not independently validated ground truth.
CSNRRM-OBS-0259,2017-02-01,08:27:17,259,hand,CSNRRM-OBS-0258,CSNRRM-OBS-0260,Representative image selected from private longitudinal archive,high,Demonstration record derived from low-density representative composite images; not the full private longitudinal archive and not independently validated ground truth.
CSNRRM-OBS-0260,2017-02-01,08:27:20,260,hand,CSNRRM-OBS-0259,CSNRRM-OBS-0261,Representative image selected from private longitudinal archive,high,Demonstration record derived from low-density representative composite images; not the full private longitudinal archive and not independently validated ground truth.
CSNRRM-OBS-0261,2017-02-01,08:27:24,261,hand,CSNRRM-OBS-0260,CSNRRM-OBS-0262,Representative image selected from private longitudinal archive,high,Demonstration record derived from low-density representative composite images; not the full private longitudinal archive and not independently validated ground truth.
CSNRRM-OBS-0262,2017-02-01,08:27:31,262,arm (forearm),CSNRRM-OBS-0261,CSNRRM-OBS-0263,Representative image selected from private longitudinal archive,high,Demonstration record derived from low-density representative composite images; not the full private longitudinal archive and not independently validated ground truth.
CSNRRM-OBS-0263,2017-02-01,08:27:33,263,arm (forearm),CSNRRM-OBS-0262,CSNRRM-OBS-0264,Representative image selected from private longitudinal archive,high,Demonstration record derived from low-density representative composite images; not the full private longitudinal archive and not independently validated ground truth.
CSNRRM-OBS-0264,2017-04-18,10:46:19,264,hand,CSNRRM-OBS-0263,CSNRRM-OBS-0265,Representative image selected from private longitudinal archive,high,Demonstration record derived from low-density representative composite images; not the full private longitudinal archive and not independently validated ground truth.
CSNRRM-OBS-0265,2017-04-18,10:46:21,265,arm (forearm),CSNRRM-OBS-0264,CSNRRM-OBS-0266,Representative image selected from private longitudinal archive,high,Demonstration record derived from low-density representative composite images; not the full private longitudinal archive and not independently validated ground truth.
CSNRRM-OBS-0266,2017-04-18,10:46:25,266,arm (forearm),CSNRRM-OBS-0265,CSNRRM-OBS-0267,Representative image selected from private longitudinal archive,high,Demonstration record derived from low-density representative composite images; not the full private longitudinal archive and not independently validated ground truth.
CSNRRM-OBS-0267,2017-04-18,10:46:26,267,arm (forearm),CSNRRM-OBS-0266,CSNRRM-OBS-0268,Representative image selected from private longitudinal archive,high,Demonstration record derived from low-density representative composite images; not the full private longitudinal archive and not independently validated ground truth.
CSNRRM-OBS-0268,2017-04-18,10:46:30,268,hand,CSNRRM-OBS-0267,CSNRRM-OBS-0269,Representative image selected from private longitudinal archive,high,Demonstration record derived from low-density representative composite images; not the full private longitudinal archive and not independently validated ground truth.
CSNRRM-OBS-0269,2017-04-18,10:46:33,269,hand,CSNRRM-OBS-0268,CSNRRM-OBS-0270,Representative image selected from private longitudinal archive,high,Demonstration record derived from low-density representative composite images; not the full private longitudinal archive and not independently validated ground truth.
CSNRRM-OBS-0270,2017-04-18,10:46:35,270,hand,CSNRRM-OBS-0269,CSNRRM-OBS-0271,Representative image selected from private longitudinal archive,high,Demonstration record derived from low-density representative composite images; not the full private longitudinal archive and not independently validated ground truth.
CSNRRM-OBS-0271,2017-04-18,10:46:36,271,hand,CSNRRM-OBS-0270,CSNRRM-OBS-0272,Representative image selected from private longitudinal archive,high,Demonstration record derived from low-density representative composite images; not the full private longitudinal archive and not independently validated ground truth.
CSNRRM-OBS-0272,2017-04-18,10:46:39,272,arm (forearm),CSNRRM-OBS-0271,CSNRRM-OBS-0273,Representative image selected from private longitudinal archive,high,Demonstration record derived from low-density representative composite images; not the full private longitudinal archive and not independently validated ground truth.
CSNRRM-OBS-0273,2017-04-18,10:46:43,273,arm (forearm),CSNRRM-OBS-0272,CSNRRM-OBS-0274,Representative image selected from private longitudinal archive,high,Demonstration record derived from low-density representative composite images; not the full private longitudinal archive and not independently validated ground truth.
CSNRRM-OBS-0274,2017-05-11,08:51:50,274,hand,CSNRRM-OBS-0273,CSNRRM-OBS-0275,Representative image selected from private longitudinal archive,high,Demonstration record derived from low-density representative composite images; not the full private longitudinal archive and not independently validated ground truth.
CSNRRM-OBS-0275,2017-05-11,08:51:53,275,hand,CSNRRM-OBS-0274,CSNRRM-OBS-0276,Representative image selected from private longitudinal archive,high,Demonstration record derived from low-density representative composite images; not the full private longitudinal archive and not independently validated ground truth.
CSNRRM-OBS-0276,2017-05-11,08:51:55,276,hand,CSNRRM-OBS-0275,CSNRRM-OBS-0277,Representative image selected from private longitudinal archive,high,Demonstration record derived from low-density representative composite images; not the full private longitudinal archive and not independently validated ground truth.
CSNRRM-OBS-0277,2017-05-11,08:52:05,277,hand,CSNRRM-OBS-0276,CSNRRM-OBS-0278,Representative image selected from private longitudinal archive,high,Demonstration record derived from low-density representative composite images; not the full private longitudinal archive and not independently validated ground truth.
CSNRRM-OBS-0278,2017-05-11,08:52:07,278,arm (forearm),CSNRRM-OBS-0277,CSNRRM-OBS-0279,Representative image selected from private longitudinal archive,high,Demonstration record derived from low-density representative composite images; not the full private longitudinal archive and not independently validated ground truth.
CSNRRM-OBS-0279,2017-05-11,08:52:10,279,"unknown (limb; arm or leg not distinguishable, no hand/foot visible)",CSNRRM-OBS-0278,CSNRRM-OBS-0280,Representative image selected from private longitudinal archive,medium,Demonstration record derived from low-density representative composite images; not the full private longitudinal archive and not independently validated ground truth.
CSNRRM-OBS-0280,2017-10-27,02:42:16,280,"unknown (limb; arm or leg not distinguishable, no hand/foot visible)",CSNRRM-OBS-0279,CSNRRM-OBS-0281,Representative image selected from private longitudinal archive,medium,Demonstration record derived from low-density representative composite images; not the full private longitudinal archive and not independently validated ground truth.
CSNRRM-OBS-0281,2017-10-27,02:42:24,281,"unknown (limb; arm or leg not distinguishable, no hand/foot visible)",CSNRRM-OBS-0280,CSNRRM-OBS-0282,Representative image selected from private longitudinal archive,medium,Demonstration record derived from low-density representative composite images; not the full private longitudinal archive and not independently validated ground truth.
CSNRRM-OBS-0282,2018-01-08,11:11:19,282,hand,CSNRRM-OBS-0281,CSNRRM-OBS-0283,Representative image selected from private longitudinal archive,high,Demonstration record derived from low-density representative composite images; not the full private longitudinal archive and not independently validated ground truth.
CSNRRM-OBS-0283,2018-01-08,11:11:24,283,hand,CSNRRM-OBS-0282,CSNRRM-OBS-0284,Representative image selected from private longitudinal archive,high,Demonstration record derived from low-density representative composite images; not the full private longitudinal archive and not independently validated ground truth.
CSNRRM-OBS-0284,2018-07-18,08:00:13,284,hand,CSNRRM-OBS-0283,CSNRRM-OBS-0285,Representative image selected from private longitudinal archive,high,Demonstration record derived from low-density representative composite images; not the full private longitudinal archive and not independently validated ground truth.
CSNRRM-OBS-0285,2018-07-18,08:00:19,285,hand,CSNRRM-OBS-0284,CSNRRM-OBS-0286,Representative image selected from private longitudinal archive,high,Demonstration record derived from low-density representative composite images; not the full private longitudinal archive and not independently validated ground truth.
CSNRRM-OBS-0286,2018-07-18,08:00:20,286,hand,CSNRRM-OBS-0285,CSNRRM-OBS-0287,Representative image selected from private longitudinal archive,high,Demonstration record derived from low-density representative composite images; not the full private longitudinal archive and not independently validated ground truth.
CSNRRM-OBS-0287,2021-02-25,08:19:08,287,hand,CSNRRM-OBS-0286,CSNRRM-OBS-0288,Representative image selected from private longitudinal archive,high,Demonstration record derived from low-density representative composite images; not the full private longitudinal archive and not independently validated ground truth.
CSNRRM-OBS-0288,2021-02-25,08:19:11,288,hand,CSNRRM-OBS-0287,CSNRRM-OBS-0289,Representative image selected from private longitudinal archive,high,Demonstration record derived from low-density representative composite images; not the full private longitudinal archive and not independently validated ground truth.
CSNRRM-OBS-0289,2021-02-25,08:19:13,289,hand,CSNRRM-OBS-0288,CSNRRM-OBS-0290,Representative image selected from private longitudinal archive,high,Demonstration record derived from low-density representative composite images; not the full private longitudinal archive and not independently validated ground truth.
CSNRRM-OBS-0290,2023-07-13,00:32:46,290,hand,CSNRRM-OBS-0289,CSNRRM-OBS-0291,Representative image selected from private longitudinal archive,high,Demonstration record derived from low-density representative composite images; not the full private longitudinal archive and not independently validated ground truth.
CSNRRM-OBS-0291,2023-07-13,00:32:51,291,hand,CSNRRM-OBS-0290,CSNRRM-OBS-0292,Representative image selected from private longitudinal archive,high,Demonstration record derived from low-density representative composite images; not the full private longitudinal archive and not independently validated ground truth.
CSNRRM-OBS-0292,2023-07-13,00:32:54,292,arm (forearm),CSNRRM-OBS-0291,CSNRRM-OBS-0293,Representative image selected from private longitudinal archive,high,Demonstration record derived from low-density representative composite images; not the full private longitudinal archive and not independently validated ground truth.
CSNRRM-OBS-0293,2023-07-13,00:33:07,293,arm (forearm),CSNRRM-OBS-0292,CSNRRM-OBS-0294,Representative image selected from private longitudinal archive,high,Demonstration record derived from low-density representative composite images; not the full private longitudinal archive and not independently validated ground truth.
CSNRRM-OBS-0294,2023-07-13,00:33:14,294,arm (forearm),CSNRRM-OBS-0293,CSNRRM-OBS-0295,Representative image selected from private longitudinal archive,high,Demonstration record derived from low-density representative composite images; not the full private longitudinal archive and not independently validated ground truth.
CSNRRM-OBS-0295,2023-07-13,11:58:55,295,hand,CSNRRM-OBS-0294,CSNRRM-OBS-0296,Representative image selected from private longitudinal archive,high,Demonstration record derived from low-density representative composite images; not the full private longitudinal archive and not independently validated ground truth.
CSNRRM-OBS-0296,2023-07-13,11:58:59,296,hand,CSNRRM-OBS-0295,CSNRRM-OBS-0297,Representative image selected from private longitudinal archive,high,Demonstration record derived from low-density representative composite images; not the full private longitudinal archive and not independently validated ground truth.
CSNRRM-OBS-0297,2023-07-13,11:59:03,297,arm (forearm),CSNRRM-OBS-0296,CSNRRM-OBS-0298,Representative image selected from private longitudinal archive,high,Demonstration record derived from low-density representative composite images; not the full private longitudinal archive and not independently validated ground truth.
CSNRRM-OBS-0298,2023-07-13,11:59:07,298,arm (forearm),CSNRRM-OBS-0297,CSNRRM-OBS-0299,Representative image selected from private longitudinal archive,high,Demonstration record derived from low-density representative composite images; not the full private longitudinal archive and not independently validated ground truth.
CSNRRM-OBS-0299,2023-07-13,11:59:09,299,arm (forearm),CSNRRM-OBS-0298,CSNRRM-OBS-0300,Representative image selected from private longitudinal archive,high,Demonstration record derived from low-density representative composite images; not the full private longitudinal archive and not independently validated ground truth.
CSNRRM-OBS-0300,2023-07-13,11:59:12,300,arm (forearm),CSNRRM-OBS-0299,CSNRRM-OBS-0301,Representative image selected from private longitudinal archive,high,Demonstration record derived from low-density representative composite images; not the full private longitudinal archive and not independently validated ground truth.
CSNRRM-OBS-0301,2023-07-14,11:28:31,301,"unknown (elbow/joint area, not confidently identifiable)",CSNRRM-OBS-0300,CSNRRM-OBS-0302,Representative image selected from private longitudinal archive,medium,Demonstration record derived from low-density representative composite images; not the full private longitudinal archive and not independently validated ground truth.
CSNRRM-OBS-0302,2023-07-14,11:28:59,302,"unknown (elbow/joint area, not confidently identifiable)",CSNRRM-OBS-0301,CSNRRM-OBS-0303,Representative image selected from private longitudinal archive,medium,Demonstration record derived from low-density representative composite images; not the full private longitudinal archive and not independently validated ground truth.
CSNRRM-OBS-0303,2023-07-14,12:35:22,303,hand,CSNRRM-OBS-0302,CSNRRM-OBS-0304,Representative image selected from private longitudinal archive,high,Demonstration record derived from low-density representative composite images; not the full private longitudinal archive and not independently validated ground truth.
CSNRRM-OBS-0304,2023-07-14,12:35:27,304,hand,CSNRRM-OBS-0303,CSNRRM-OBS-0305,Representative image selected from private longitudinal archive,high,Demonstration record derived from low-density representative composite images; not the full private longitudinal archive and not independently validated ground truth.
CSNRRM-OBS-0305,2023-07-15,06:53:24,305,torso (abdomen),CSNRRM-OBS-0304,CSNRRM-OBS-0306,Representative image selected from private longitudinal archive,high,Demonstration record derived from low-density representative composite images; not the full private longitudinal archive and not independently validated ground truth.
CSNRRM-OBS-0306,2023-07-15,06:53:26,306,torso (abdomen),CSNRRM-OBS-0305,CSNRRM-OBS-0307,Representative image selected from private longitudinal archive,high,Demonstration record derived from low-density representative composite images; not the full private longitudinal archive and not independently validated ground truth.
CSNRRM-OBS-0307,2023-07-15,06:53:29,307,torso (abdomen),CSNRRM-OBS-0306,CSNRRM-OBS-0308,Representative image selected from private longitudinal archive,high,Demonstration record derived from low-density representative composite images; not the full private longitudinal archive and not independently validated ground truth.
CSNRRM-OBS-0308,2023-07-15,06:53:36,308,torso (chest),CSNRRM-OBS-0307,CSNRRM-OBS-0309,Representative image selected from private longitudinal archive,high,Demonstration record derived from low-density representative composite images; not the full private longitudinal archive and not independently validated ground truth.
CSNRRM-OBS-0309,2023-07-15,06:53:48,309,torso (chest),CSNRRM-OBS-0308,CSNRRM-OBS-0310,Representative image selected from private longitudinal archive,high,Demonstration record derived from low-density representative composite images; not the full private longitudinal archive and not independently validated ground truth.
CSNRRM-OBS-0310,2023-07-15,06:54:00,310,"unknown (torso/underarm area, not confidently specific)",CSNRRM-OBS-0309,CSNRRM-OBS-0311,Representative image selected from private longitudinal archive,medium,Demonstration record derived from low-density representative composite images; not the full private longitudinal archive and not independently validated ground truth.
CSNRRM-OBS-0311,2023-07-15,06:54:03,311,"unknown (torso/underarm area, not confidently specific)",CSNRRM-OBS-0310,CSNRRM-OBS-0312,Representative image selected from private longitudinal archive,medium,Demonstration record derived from low-density representative composite images; not the full private longitudinal archive and not independently validated ground truth.
CSNRRM-OBS-0312,2023-07-15,06:54:23,312,leg (thigh),CSNRRM-OBS-0311,CSNRRM-OBS-0313,Representative image selected from private longitudinal archive,high,Demonstration record derived from low-density representative composite images; not the full private longitudinal archive and not independently validated ground truth.
CSNRRM-OBS-0313,2023-07-15,06:54:28,313,leg,CSNRRM-OBS-0312,CSNRRM-OBS-0314,Representative image selected from private longitudinal archive,high,Demonstration record derived from low-density representative composite images; not the full private longitudinal archive and not independently validated ground truth.
CSNRRM-OBS-0314,2023-07-15,06:54:35,314,leg (knee/calf),CSNRRM-OBS-0313,CSNRRM-OBS-0315,Representative image selected from private longitudinal archive,high,Demonstration record derived from low-density representative composite images; not the full private longitudinal archive and not independently validated ground truth.
CSNRRM-OBS-0315,2023-07-15,06:54:41,315,leg,CSNRRM-OBS-0314,CSNRRM-OBS-0316,Representative image selected from private longitudinal archive,high,Demonstration record derived from low-density representative composite images; not the full private longitudinal archive and not independently validated ground truth.
CSNRRM-OBS-0316,2023-07-15,06:54:46,316,leg,CSNRRM-OBS-0315,CSNRRM-OBS-0317,Representative image selected from private longitudinal archive,high,Demonstration record derived from low-density representative composite images; not the full private longitudinal archive and not independently validated ground truth.
CSNRRM-OBS-0317,2023-07-15,09:17:27,317,face,CSNRRM-OBS-0316,CSNRRM-OBS-0318,Representative image selected from private longitudinal archive,high,Demonstration record derived from low-density representative composite images; not the full private longitudinal archive and not independently validated ground truth.
CSNRRM-OBS-0318,2023-08-17,17:02:12,318,face,CSNRRM-OBS-0317,CSNRRM-OBS-0319,Representative image selected from private longitudinal archive,high,Demonstration record derived from low-density representative composite images; not the full private longitudinal archive and not independently validated ground truth.
CSNRRM-OBS-0319,2023-08-17,17:02:34,319,face,CSNRRM-OBS-0318,CSNRRM-OBS-0320,Representative image selected from private longitudinal archive,high,Demonstration record derived from low-density representative composite images; not the full private longitudinal archive and not independently validated ground truth.
CSNRRM-OBS-0320,2023-08-22,17:25:10,320,face,CSNRRM-OBS-0319,CSNRRM-OBS-0321,Representative image selected from private longitudinal archive,high,Demonstration record derived from low-density representative composite images; not the full private longitudinal archive and not independently validated ground truth.
CSNRRM-OBS-0321,2023-08-22,17:25:11,321,face,CSNRRM-OBS-0320,CSNRRM-OBS-0322,Representative image selected from private longitudinal archive,high,Demonstration record derived from low-density representative composite images; not the full private longitudinal archive and not independently validated ground truth.
CSNRRM-OBS-0322,2023-08-22,17:25:32,322,face,CSNRRM-OBS-0321,CSNRRM-OBS-0323,Representative image selected from private longitudinal archive,high,Demonstration record derived from low-density representative composite images; not the full private longitudinal archive and not independently validated ground truth.
CSNRRM-OBS-0323,2023-11-16,12:00:55,323,face (ear/head area),CSNRRM-OBS-0322,CSNRRM-OBS-0324,Representative image selected from private longitudinal archive,high,Demonstration record derived from low-density representative composite images; not the full private longitudinal archive and not independently validated ground truth.
CSNRRM-OBS-0324,2023-11-16,12:00:56,324,head (ear/scalp area),CSNRRM-OBS-0323,CSNRRM-OBS-0325,Representative image selected from private longitudinal archive,high,Demonstration record derived from low-density representative composite images; not the full private longitudinal archive and not independently validated ground truth.
CSNRRM-OBS-0325,2023-11-16,12:00:57,325,head (ear/scalp area),CSNRRM-OBS-0324,CSNRRM-OBS-0326,Representative image selected from private longitudinal archive,high,Demonstration record derived from low-density representative composite images; not the full private longitudinal archive and not independently validated ground truth.
CSNRRM-OBS-0326,2023-11-16,12:01:19,326,head (ear/scalp area),CSNRRM-OBS-0325,CSNRRM-OBS-0327,Representative image selected from private longitudinal archive,high,Demonstration record derived from low-density representative composite images; not the full private longitudinal archive and not independently validated ground truth.
CSNRRM-OBS-0327,2023-11-16,12:01:21,327,head (ear/scalp area),CSNRRM-OBS-0326,CSNRRM-OBS-0328,Representative image selected from private longitudinal archive,high,Demonstration record derived from low-density representative composite images; not the full private longitudinal archive and not independently validated ground truth.
CSNRRM-OBS-0328,2023-11-16,12:01:22,328,head (ear/scalp area),CSNRRM-OBS-0327,CSNRRM-OBS-0329,Representative image selected from private longitudinal archive,high,Demonstration record derived from low-density representative composite images; not the full private longitudinal archive and not independently validated ground truth.
CSNRRM-OBS-0329,2023-11-16,12:01:23,329,head (ear/scalp area),CSNRRM-OBS-0328,CSNRRM-OBS-0330,Representative image selected from private longitudinal archive,high,Demonstration record derived from low-density representative composite images; not the full private longitudinal archive and not independently validated ground truth.
CSNRRM-OBS-0330,2025-02-14,14:32:55,330,hand,CSNRRM-OBS-0329,CSNRRM-OBS-0331,Representative image selected from private longitudinal archive,high,Demonstration record derived from low-density representative composite images; not the full private longitudinal archive and not independently validated ground truth.
CSNRRM-OBS-0331,2025-02-15,08:43:10,331,hand,CSNRRM-OBS-0330,CSNRRM-OBS-0332,Representative image selected from private longitudinal archive,high,Demonstration record derived from low-density representative composite images; not the full private longitudinal archive and not independently validated ground truth.
CSNRRM-OBS-0332,2025-02-15,08:43:15,332,hand,CSNRRM-OBS-0331,CSNRRM-OBS-0333,Representative image selected from private longitudinal archive,high,Demonstration record derived from low-density representative composite images; not the full private longitudinal archive and not independently validated ground truth.
CSNRRM-OBS-0333,2025-02-15,08:43:21,333,hand,CSNRRM-OBS-0332,CSNRRM-OBS-0334,Representative image selected from private longitudinal archive,high,Demonstration record derived from low-density representative composite images; not the full private longitudinal archive and not independently validated ground truth.
CSNRRM-OBS-0334,2025-02-15,08:43:41,334,hand,CSNRRM-OBS-0333,CSNRRM-OBS-0335,Representative image selected from private longitudinal archive,high,Demonstration record derived from low-density representative composite images; not the full private longitudinal archive and not independently validated ground truth.
CSNRRM-OBS-0335,2025-02-15,08:43:44,335,hand,CSNRRM-OBS-0334,CSNRRM-OBS-0336,Representative image selected from private longitudinal archive,high,Demonstration record derived from low-density representative composite images; not the full private longitudinal archive and not independently validated ground truth.
CSNRRM-OBS-0336,2025-02-15,08:43:45,336,hand,CSNRRM-OBS-0335,CSNRRM-OBS-0337,Representative image selected from private longitudinal archive,high,Demonstration record derived from low-density representative composite images; not the full private longitudinal archive and not independently validated ground truth.
CSNRRM-OBS-0337,2025-02-15,08:43:48,337,hand,CSNRRM-OBS-0336,CSNRRM-OBS-0338,Representative image selected from private longitudinal archive,high,Demonstration record derived from low-density representative composite images; not the full private longitudinal archive and not independently validated ground truth.
CSNRRM-OBS-0338,2025-02-15,08:44:03,338,hand,CSNRRM-OBS-0337,CSNRRM-OBS-0339,Representative image selected from private longitudinal archive,high,Demonstration record derived from low-density representative composite images; not the full private longitudinal archive and not independently validated ground truth.
CSNRRM-OBS-0339,2025-02-15,08:44:10,339,hand,CSNRRM-OBS-0338,CSNRRM-OBS-0340,Representative image selected from private longitudinal archive,high,Demonstration record derived from low-density representative composite images; not the full private longitudinal archive and not independently validated ground truth.
CSNRRM-OBS-0340,2025-02-23,08:56:02,340,hand,CSNRRM-OBS-0339,CSNRRM-OBS-0341,Representative image selected from private longitudinal archive,high,Demonstration record derived from low-density representative composite images; not the full private longitudinal archive and not independently validated ground truth.
CSNRRM-OBS-0341,2025-02-23,08:56:06,341,hand,CSNRRM-OBS-0340,CSNRRM-OBS-0342,Representative image selected from private longitudinal archive,high,Demonstration record derived from low-density representative composite images; not the full private longitudinal archive and not independently validated ground truth.
CSNRRM-OBS-0342,2025-02-23,08:56:11,342,hand,CSNRRM-OBS-0341,CSNRRM-OBS-0343,Representative image selected from private longitudinal archive,high,Demonstration record derived from low-density representative composite images; not the full private longitudinal archive and not independently validated ground truth.
CSNRRM-OBS-0343,2025-02-23,08:56:16,343,hand,CSNRRM-OBS-0342,CSNRRM-OBS-0344,Representative image selected from private longitudinal archive,high,Demonstration record derived from low-density representative composite images; not the full private longitudinal archive and not independently validated ground truth.
CSNRRM-OBS-0344,2025-02-23,08:56:33,344,"unknown (neck/torso area, not confidently specific)",CSNRRM-OBS-0343,CSNRRM-OBS-0345,Representative image selected from private longitudinal archive,medium,Demonstration record derived from low-density representative composite images; not the full private longitudinal archive and not independently validated ground truth.
CSNRRM-OBS-0345,2025-02-23,08:56:38,345,hand,CSNRRM-OBS-0344,CSNRRM-OBS-0346,Representative image selected from private longitudinal archive,high,Demonstration record derived from low-density representative composite images; not the full private longitudinal archive and not independently validated ground truth.
CSNRRM-OBS-0346,2025-02-23,08:56:40,346,hand,CSNRRM-OBS-0345,CSNRRM-OBS-0347,Representative image selected from private longitudinal archive,high,Demonstration record derived from low-density representative composite images; not the full private longitudinal archive and not independently validated ground truth.
CSNRRM-OBS-0347,2025-03-01,08:14:42,347,foot,CSNRRM-OBS-0346,CSNRRM-OBS-0348,Representative image selected from private longitudinal archive,high,Demonstration record derived from low-density representative composite images; not the full private longitudinal archive and not independently validated ground truth.
CSNRRM-OBS-0348,2025-03-01,08:14:45,348,foot,CSNRRM-OBS-0347,CSNRRM-OBS-0349,Representative image selected from private longitudinal archive,high,Demonstration record derived from low-density representative composite images; not the full private longitudinal archive and not independently validated ground truth.
CSNRRM-OBS-0349,2025-03-01,08:14:53,349,foot,CSNRRM-OBS-0348,CSNRRM-OBS-0350,Representative image selected from private longitudinal archive,high,Demonstration record derived from low-density representative composite images; not the full private longitudinal archive and not independently validated ground truth.
CSNRRM-OBS-0350,2025-03-01,08:14:56,350,foot,CSNRRM-OBS-0349,CSNRRM-OBS-0351,Representative image selected from private longitudinal archive,high,Demonstration record derived from low-density representative composite images; not the full private longitudinal archive and not independently validated ground truth.
CSNRRM-OBS-0351,2025-03-01,08:15:35,351,hand,CSNRRM-OBS-0350,CSNRRM-OBS-0352,Representative image selected from private longitudinal archive,high,Demonstration record derived from low-density representative composite images; not the full private longitudinal archive and not independently validated ground truth.
CSNRRM-OBS-0352,2025-03-01,08:15:41,352,hand,CSNRRM-OBS-0351,CSNRRM-OBS-0353,Representative image selected from private longitudinal archive,high,Demonstration record derived from low-density representative composite images; not the full private longitudinal archive and not independently validated ground truth.
CSNRRM-OBS-0353,2025-03-01,08:15:52,353,arm (forearm),CSNRRM-OBS-0352,CSNRRM-OBS-0354,Representative image selected from private longitudinal archive,high,Demonstration record derived from low-density representative composite images; not the full private longitudinal archive and not independently validated ground truth.
CSNRRM-OBS-0354,2025-03-01,08:16:01,354,arm (forearm),CSNRRM-OBS-0353,CSNRRM-OBS-0355,Representative image selected from private longitudinal archive,high,Demonstration record derived from low-density representative composite images; not the full private longitudinal archive and not independently validated ground truth.
CSNRRM-OBS-0355,2025-03-02,14:53:22,355,face,CSNRRM-OBS-0354,CSNRRM-OBS-0356,Representative image selected from private longitudinal archive,high,Demonstration record derived from low-density representative composite images; not the full private longitudinal archive and not independently validated ground truth.
CSNRRM-OBS-0356,2025-03-02,14:53:38,356,face,CSNRRM-OBS-0355,CSNRRM-OBS-0357,Representative image selected from private longitudinal archive,high,Demonstration record derived from low-density representative composite images; not the full private longitudinal archive and not independently validated ground truth.
CSNRRM-OBS-0357,2025-03-02,14:53:49,357,"unknown (neck/face area, not confidently specific)",CSNRRM-OBS-0356,CSNRRM-OBS-0358,Representative image selected from private longitudinal archive,medium,Demonstration record derived from low-density representative composite images; not the full private longitudinal archive and not independently validated ground truth.
CSNRRM-OBS-0358,2025-03-03,20:24:00,358,torso (chest),CSNRRM-OBS-0357,CSNRRM-OBS-0359,Representative image selected from private longitudinal archive,high,Demonstration record derived from low-density representative composite images; not the full private longitudinal archive and not independently validated ground truth.
CSNRRM-OBS-0359,2025-03-03,20:24:01,359,torso (chest),CSNRRM-OBS-0358,CSNRRM-OBS-0360,Representative image selected from private longitudinal archive,high,Demonstration record derived from low-density representative composite images; not the full private longitudinal archive and not independently validated ground truth.
CSNRRM-OBS-0360,2025-03-03,20:24:02,360,torso (chest),CSNRRM-OBS-0359,CSNRRM-OBS-0361,Representative image selected from private longitudinal archive,high,Demonstration record derived from low-density representative composite images; not the full private longitudinal archive and not independently validated ground truth.
CSNRRM-OBS-0361,2025-03-03,20:24:36,361,torso (chest),CSNRRM-OBS-0360,CSNRRM-OBS-0362,Representative image selected from private longitudinal archive,high,Demonstration record derived from low-density representative composite images; not the full private longitudinal archive and not independently validated ground truth.
CSNRRM-OBS-0362,2025-03-03,20:24:43,362,torso (chest/abdomen),CSNRRM-OBS-0361,CSNRRM-OBS-0363,Representative image selected from private longitudinal archive,high,Demonstration record derived from low-density representative composite images; not the full private longitudinal archive and not independently validated ground truth.
CSNRRM-OBS-0363,2025-03-04,08:55:34,363,foot,CSNRRM-OBS-0362,CSNRRM-OBS-0364,Representative image selected from private longitudinal archive,high,Demonstration record derived from low-density representative composite images; not the full private longitudinal archive and not independently validated ground truth.
CSNRRM-OBS-0364,2025-03-04,08:55:47,364,hand,CSNRRM-OBS-0363,CSNRRM-OBS-0365,Representative image selected from private longitudinal archive,high,Demonstration record derived from low-density representative composite images; not the full private longitudinal archive and not independently validated ground truth.
CSNRRM-OBS-0365,2025-03-04,08:56:06,365,hand,CSNRRM-OBS-0364,CSNRRM-OBS-0366,Representative image selected from private longitudinal archive,high,Demonstration record derived from low-density representative composite images; not the full private longitudinal archive and not independently validated ground truth.
CSNRRM-OBS-0366,2025-03-04,08:56:08,366,hand,CSNRRM-OBS-0365,CSNRRM-OBS-0367,Representative image selected from private longitudinal archive,high,Demonstration record derived from low-density representative composite images; not the full private longitudinal archive and not independently validated ground truth.
CSNRRM-OBS-0367,2025-03-04,08:56:14,367,hand,CSNRRM-OBS-0366,CSNRRM-OBS-0368,Representative image selected from private longitudinal archive,high,Demonstration record derived from low-density representative composite images; not the full private longitudinal archive and not independently validated ground truth.
CSNRRM-OBS-0368,2025-03-04,08:56:15,368,hand,CSNRRM-OBS-0367,CSNRRM-OBS-0369,Representative image selected from private longitudinal archive,high,Demonstration record derived from low-density representative composite images; not the full private longitudinal archive and not independently validated ground truth.
CSNRRM-OBS-0369,2025-03-04,08:56:22,369,arm (forearm),CSNRRM-OBS-0368,CSNRRM-OBS-0370,Representative image selected from private longitudinal archive,high,Demonstration record derived from low-density representative composite images; not the full private longitudinal archive and not independently validated ground truth.
CSNRRM-OBS-0370,2025-03-07,08:21:33,370,hand,CSNRRM-OBS-0369,CSNRRM-OBS-0371,Representative image selected from private longitudinal archive,high,Demonstration record derived from low-density representative composite images; not the full private longitudinal archive and not independently validated ground truth.
CSNRRM-OBS-0371,2025-03-07,08:21:40,371,hand,CSNRRM-OBS-0370,CSNRRM-OBS-0372,Representative image selected from private longitudinal archive,high,Demonstration record derived from low-density representative composite images; not the full private longitudinal archive and not independently validated ground truth.
CSNRRM-OBS-0372,2025-03-07,08:21:50,372,arm (forearm),CSNRRM-OBS-0371,CSNRRM-OBS-0373,Representative image selected from private longitudinal archive,high,Demonstration record derived from low-density representative composite images; not the full private longitudinal archive and not independently validated ground truth.
CSNRRM-OBS-0373,2025-03-07,08:21:57,373,arm (forearm),CSNRRM-OBS-0372,CSNRRM-OBS-0374,Representative image selected from private longitudinal archive,high,Demonstration record derived from low-density representative composite images; not the full private longitudinal archive and not independently validated ground truth.
CSNRRM-OBS-0374,2025-03-07,08:22:12,374,arm (forearm),CSNRRM-OBS-0373,CSNRRM-OBS-0375,Representative image selected from private longitudinal archive,high,Demonstration record derived from low-density representative composite images; not the full private longitudinal archive and not independently validated ground truth.
CSNRRM-OBS-0375,2025-03-07,08:22:15,375,foot,CSNRRM-OBS-0374,CSNRRM-OBS-0376,Representative image selected from private longitudinal archive,high,Demonstration record derived from low-density representative composite images; not the full private longitudinal archive and not independently validated ground truth.
CSNRRM-OBS-0376,2025-03-07,08:22:19,376,foot,CSNRRM-OBS-0375,CSNRRM-OBS-0377,Representative image selected from private longitudinal archive,high,Demonstration record derived from low-density representative composite images; not the full private longitudinal archive and not independently validated ground truth.
CSNRRM-OBS-0377,2025-03-07,08:22:21,377,"unknown (foot/ankle area, not confidently specific)",CSNRRM-OBS-0376,CSNRRM-OBS-0378,Representative image selected from private longitudinal archive,medium,Demonstration record derived from low-density representative composite images; not the full private longitudinal archive and not independently validated ground truth.
CSNRRM-OBS-0378,2025-03-07,08:23:57,378,torso (abdomen),CSNRRM-OBS-0377,CSNRRM-OBS-0379,Representative image selected from private longitudinal archive,high,Demonstration record derived from low-density representative composite images; not the full private longitudinal archive and not independently validated ground truth.
CSNRRM-OBS-0379,2025-03-07,08:24:01,379,torso (abdomen),CSNRRM-OBS-0378,CSNRRM-OBS-0380,Representative image selected from private longitudinal archive,high,Demonstration record derived from low-density representative composite images; not the full private longitudinal archive and not independently validated ground truth.
CSNRRM-OBS-0380,2025-03-07,08:24:06,380,torso (abdomen),CSNRRM-OBS-0379,CSNRRM-OBS-0381,Representative image selected from private longitudinal archive,high,Demonstration record derived from low-density representative composite images; not the full private longitudinal archive and not independently validated ground truth.
CSNRRM-OBS-0381,2025-03-07,08:24:12,381,torso (abdomen),CSNRRM-OBS-0380,CSNRRM-OBS-0382,Representative image selected from private longitudinal archive,high,Demonstration record derived from low-density representative composite images; not the full private longitudinal archive and not independently validated ground truth.
CSNRRM-OBS-0382,2025-03-07,08:24:14,382,torso (abdomen),CSNRRM-OBS-0381,CSNRRM-OBS-0383,Representative image selected from private longitudinal archive,high,Demonstration record derived from low-density representative composite images; not the full private longitudinal archive and not independently validated ground truth.
CSNRRM-OBS-0383,2025-03-07,08:24:49,383,torso (abdomen),CSNRRM-OBS-0382,CSNRRM-OBS-0384,Representative image selected from private longitudinal archive,high,Demonstration record derived from low-density representative composite images; not the full private longitudinal archive and not independently validated ground truth.
CSNRRM-OBS-0384,2025-03-07,08:24:55,384,torso (abdomen),CSNRRM-OBS-0383,CSNRRM-OBS-0385,Representative image selected from private longitudinal archive,high,Demonstration record derived from low-density representative composite images; not the full private longitudinal archive and not independently validated ground truth.
CSNRRM-OBS-0385,2025-03-19,08:18:10,385,hand,CSNRRM-OBS-0384,CSNRRM-OBS-0386,Representative image selected from private longitudinal archive,high,Demonstration record derived from low-density representative composite images; not the full private longitudinal archive and not independently validated ground truth.
CSNRRM-OBS-0386,2025-03-19,08:18:26,386,hand,CSNRRM-OBS-0385,CSNRRM-OBS-0387,Representative image selected from private longitudinal archive,high,Demonstration record derived from low-density representative composite images; not the full private longitudinal archive and not independently validated ground truth.
CSNRRM-OBS-0387,2025-03-19,08:18:27,387,hand,CSNRRM-OBS-0386,CSNRRM-OBS-0388,Representative image selected from private longitudinal archive,high,Demonstration record derived from low-density representative composite images; not the full private longitudinal archive and not independently validated ground truth.
CSNRRM-OBS-0388,2025-03-19,08:18:52,388,arm (forearm),CSNRRM-OBS-0387,CSNRRM-OBS-0389,Representative image selected from private longitudinal archive,high,Demonstration record derived from low-density representative composite images; not the full private longitudinal archive and not independently validated ground truth.
CSNRRM-OBS-0389,2025-03-19,08:19:00,389,arm (forearm),CSNRRM-OBS-0388,CSNRRM-OBS-0390,Representative image selected from private longitudinal archive,high,Demonstration record derived from low-density representative composite images; not the full private longitudinal archive and not independently validated ground truth.
CSNRRM-OBS-0390,2025-03-19,08:19:01,390,arm (forearm),CSNRRM-OBS-0389,CSNRRM-OBS-0391,Representative image selected from private longitudinal archive,high,Demonstration record derived from low-density representative composite images; not the full private longitudinal archive and not independently validated ground truth.
CSNRRM-OBS-0391,2025-03-24,08:27:08,391,torso (chest/underarm),CSNRRM-OBS-0390,CSNRRM-OBS-0392,Representative image selected from private longitudinal archive,high,Demonstration record derived from low-density representative composite images; not the full private longitudinal archive and not independently validated ground truth.
CSNRRM-OBS-0392,2025-03-24,08:27:15,392,torso (chest/underarm),CSNRRM-OBS-0391,CSNRRM-OBS-0393,Representative image selected from private longitudinal archive,high,Demonstration record derived from low-density representative composite images; not the full private longitudinal archive and not independently validated ground truth.
CSNRRM-OBS-0393,2025-03-24,08:27:27,393,torso (chest/underarm),CSNRRM-OBS-0392,CSNRRM-OBS-0394,Representative image selected from private longitudinal archive,high,Demonstration record derived from low-density representative composite images; not the full private longitudinal archive and not independently validated ground truth.
CSNRRM-OBS-0394,2025-03-24,08:27:27,394,torso (chest/underarm),CSNRRM-OBS-0393,CSNRRM-OBS-0395,Representative image selected from private longitudinal archive,high,Demonstration record derived from low-density representative composite images; not the full private longitudinal archive and not independently validated ground truth.
CSNRRM-OBS-0395,2025-03-24,08:27:27,395,torso (chest/underarm),CSNRRM-OBS-0394,CSNRRM-OBS-0396,Representative image selected from private longitudinal archive,high,Demonstration record derived from low-density representative composite images; not the full private longitudinal archive and not independently validated ground truth.
CSNRRM-OBS-0396,2025-03-24,08:28:07,396,torso,CSNRRM-OBS-0395,CSNRRM-OBS-0397,Representative image selected from private longitudinal archive,high,Demonstration record derived from low-density representative composite images; not the full private longitudinal archive and not independently validated ground truth.
CSNRRM-OBS-0397,2025-04-03,07:28:04,397,torso,CSNRRM-OBS-0396,CSNRRM-OBS-0398,Representative image selected from private longitudinal archive,high,Demonstration record derived from low-density representative composite images; not the full private longitudinal archive and not independently validated ground truth.
CSNRRM-OBS-0398,2025-04-03,07:28:20,398,torso,CSNRRM-OBS-0397,CSNRRM-OBS-0399,Representative image selected from private longitudinal archive,high,Demonstration record derived from low-density representative composite images; not the full private longitudinal archive and not independently validated ground truth.
CSNRRM-OBS-0399,2025-04-03,07:28:21,399,torso,CSNRRM-OBS-0398,CSNRRM-OBS-0400,Representative image selected from private longitudinal archive,high,Demonstration record derived from low-density representative composite images; not the full private longitudinal archive and not independently validated ground truth.
CSNRRM-OBS-0400,2025-04-03,07:28:28,400,torso,CSNRRM-OBS-0399,CSNRRM-OBS-0401,Representative image selected from private longitudinal archive,high,Demonstration record derived from low-density representative composite images; not the full private longitudinal archive and not independently validated ground truth.
CSNRRM-OBS-0401,2025-04-03,07:28:31,401,torso,CSNRRM-OBS-0400,CSNRRM-OBS-0402,Representative image selected from private longitudinal archive,high,Demonstration record derived from low-density representative composite images; not the full private longitudinal archive and not independently validated ground truth.
CSNRRM-OBS-0402,2025-04-03,07:28:48,402,torso,CSNRRM-OBS-0401,CSNRRM-OBS-0403,Representative image selected from private longitudinal archive,high,Demonstration record derived from low-density representative composite images; not the full private longitudinal archive and not independently validated ground truth.
CSNRRM-OBS-0403,2025-04-03,07:28:51,403,torso,CSNRRM-OBS-0402,CSNRRM-OBS-0404,Representative image selected from private longitudinal archive,high,Demonstration record derived from low-density representative composite images; not the full private longitudinal archive and not independently validated ground truth.
CSNRRM-OBS-0404,2025-04-03,07:29:01,404,torso,CSNRRM-OBS-0403,CSNRRM-OBS-0405,Representative image selected from private longitudinal archive,high,Demonstration record derived from low-density representative composite images; not the full private longitudinal archive and not independently validated ground truth.
CSNRRM-OBS-0405,2025-04-03,07:29:06,405,torso,CSNRRM-OBS-0404,CSNRRM-OBS-0406,Representative image selected from private longitudinal archive,high,Demonstration record derived from low-density representative composite images; not the full private longitudinal archive and not independently validated ground truth.
CSNRRM-OBS-0406,2025-04-03,07:29:08,406,torso,CSNRRM-OBS-0405,CSNRRM-OBS-0407,Representative image selected from private longitudinal archive,high,Demonstration record derived from low-density representative composite images; not the full private longitudinal archive and not independently validated ground truth.
CSNRRM-OBS-0407,2025-04-03,07:29:13,407,torso,CSNRRM-OBS-0406,CSNRRM-OBS-0408,Representative image selected from private longitudinal archive,high,Demonstration record derived from low-density representative composite images; not the full private longitudinal archive and not independently validated ground truth.
CSNRRM-OBS-0408,2025-04-03,07:29:16,408,torso,CSNRRM-OBS-0407,CSNRRM-OBS-0409,Representative image selected from private longitudinal archive,high,Demonstration record derived from low-density representative composite images; not the full private longitudinal archive and not independently validated ground truth.
CSNRRM-OBS-0409,2025-04-06,12:47:21,409,face,CSNRRM-OBS-0408,CSNRRM-OBS-0410,Representative image selected from private longitudinal archive,high,Demonstration record derived from low-density representative composite images; not the full private longitudinal archive and not independently validated ground truth.
CSNRRM-OBS-0410,2025-04-06,12:47:50,410,face,CSNRRM-OBS-0409,CSNRRM-OBS-0411,Representative image selected from private longitudinal archive,high,Demonstration record derived from low-density representative composite images; not the full private longitudinal archive and not independently validated ground truth.
CSNRRM-OBS-0411,2025-04-16,12:07:29,411,face,CSNRRM-OBS-0410,CSNRRM-OBS-0412,Representative image selected from private longitudinal archive,high,Demonstration record derived from low-density representative composite images; not the full private longitudinal archive and not independently validated ground truth.
CSNRRM-OBS-0412,2025-04-16,12:07:47,412,face,CSNRRM-OBS-0411,CSNRRM-OBS-0413,Representative image selected from private longitudinal archive,high,Demonstration record derived from low-density representative composite images; not the full private longitudinal archive and not independently validated ground truth.
CSNRRM-OBS-0413,2025-04-16,12:07:49,413,face,CSNRRM-OBS-0412,CSNRRM-OBS-0414,Representative image selected from private longitudinal archive,high,Demonstration record derived from low-density representative composite images; not the full private longitudinal archive and not independently validated ground truth.
CSNRRM-OBS-0414,2025-04-16,12:08:03,414,face,CSNRRM-OBS-0413,CSNRRM-OBS-0415,Representative image selected from private longitudinal archive,high,Demonstration record derived from low-density representative composite images; not the full private longitudinal archive and not independently validated ground truth.
CSNRRM-OBS-0415,2025-04-16,12:08:15,415,face,CSNRRM-OBS-0414,CSNRRM-OBS-0416,Representative image selected from private longitudinal archive,high,Demonstration record derived from low-density representative composite images; not the full private longitudinal archive and not independently validated ground truth.
CSNRRM-OBS-0416,2025-04-16,12:08:16,416,face,CSNRRM-OBS-0415,CSNRRM-OBS-0417,Representative image selected from private longitudinal archive,high,Demonstration record derived from low-density representative composite images; not the full private longitudinal archive and not independently validated ground truth.
CSNRRM-OBS-0417,2025-04-25,13:28:03,417,"unknown (hand/neck area, not confidently specific)",CSNRRM-OBS-0416,CSNRRM-OBS-0418,Representative image selected from private longitudinal archive,medium,Demonstration record derived from low-density representative composite images; not the full private longitudinal archive and not independently validated ground truth.
CSNRRM-OBS-0418,2025-04-27,18:10:46,418,hand,CSNRRM-OBS-0417,CSNRRM-OBS-0419,Representative image selected from private longitudinal archive,high,Demonstration record derived from low-density representative composite images; not the full private longitudinal archive and not independently validated ground truth.
CSNRRM-OBS-0419,2025-04-27,18:10:59,419,hand,CSNRRM-OBS-0418,CSNRRM-OBS-0420,Representative image selected from private longitudinal archive,high,Demonstration record derived from low-density representative composite images; not the full private longitudinal archive and not independently validated ground truth.
CSNRRM-OBS-0420,2025-04-29,13:22:01,420,face,CSNRRM-OBS-0419,CSNRRM-OBS-0421,Representative image selected from private longitudinal archive,high,Demonstration record derived from low-density representative composite images; not the full private longitudinal archive and not independently validated ground truth.
CSNRRM-OBS-0421,2025-05-01,13:25:53,421,arm (forearm),CSNRRM-OBS-0420,CSNRRM-OBS-0422,Representative image selected from private longitudinal archive,high,Demonstration record derived from low-density representative composite images; not the full private longitudinal archive and not independently validated ground truth.
CSNRRM-OBS-0422,2025-05-01,13:26:02,422,arm (forearm),CSNRRM-OBS-0421,CSNRRM-OBS-0423,Representative image selected from private longitudinal archive,high,Demonstration record derived from low-density representative composite images; not the full private longitudinal archive and not independently validated ground truth.
CSNRRM-OBS-0423,2025-05-02,18:56:38,423,hand,CSNRRM-OBS-0422,CSNRRM-OBS-0424,Representative image selected from private longitudinal archive,high,Demonstration record derived from low-density representative composite images; not the full private longitudinal archive and not independently validated ground truth.
CSNRRM-OBS-0424,2025-05-02,18:57:40,424,hand,CSNRRM-OBS-0423,CSNRRM-OBS-0425,Representative image selected from private longitudinal archive,high,Demonstration record derived from low-density representative composite images; not the full private longitudinal archive and not independently validated ground truth.
CSNRRM-OBS-0425,2025-05-05,13:28:09,425,arm (forearm),CSNRRM-OBS-0424,CSNRRM-OBS-0426,Representative image selected from private longitudinal archive,high,Demonstration record derived from low-density representative composite images; not the full private longitudinal archive and not independently validated ground truth.
CSNRRM-OBS-0426,2025-05-05,13:28:21,426,arm (forearm),CSNRRM-OBS-0425,CSNRRM-OBS-0427,Representative image selected from private longitudinal archive,high,Demonstration record derived from low-density representative composite images; not the full private longitudinal archive and not independently validated ground truth.
CSNRRM-OBS-0427,2025-05-05,15:29:09,427,hand,CSNRRM-OBS-0426,CSNRRM-OBS-0428,Representative image selected from private longitudinal archive,high,Demonstration record derived from low-density representative composite images; not the full private longitudinal archive and not independently validated ground truth.
CSNRRM-OBS-0428,2025-05-05,15:29:11,428,hand,CSNRRM-OBS-0427,CSNRRM-OBS-0429,Representative image selected from private longitudinal archive,high,Demonstration record derived from low-density representative composite images; not the full private longitudinal archive and not independently validated ground truth.
CSNRRM-OBS-0429,2025-05-05,15:29:15,429,hand,CSNRRM-OBS-0428,CSNRRM-OBS-0430,Representative image selected from private longitudinal archive,high,Demonstration record derived from low-density representative composite images; not the full private longitudinal archive and not independently validated ground truth.
CSNRRM-OBS-0430,2025-05-06,16:44:57,430,hand,CSNRRM-OBS-0429,CSNRRM-OBS-0431,Representative image selected from private longitudinal archive,high,Demonstration record derived from low-density representative composite images; not the full private longitudinal archive and not independently validated ground truth.
CSNRRM-OBS-0431,2025-05-08,14:28:47,431,hand,CSNRRM-OBS-0430,CSNRRM-OBS-0432,Representative image selected from private longitudinal archive,high,Demonstration record derived from low-density representative composite images; not the full private longitudinal archive and not independently validated ground truth.
CSNRRM-OBS-0432,2025-05-08,14:28:53,432,hand,CSNRRM-OBS-0431,CSNRRM-OBS-0433,Representative image selected from private longitudinal archive,high,Demonstration record derived from low-density representative composite images; not the full private longitudinal archive and not independently validated ground truth.
CSNRRM-OBS-0433,2025-05-08,14:28:58,433,hand,CSNRRM-OBS-0432,CSNRRM-OBS-0434,Representative image selected from private longitudinal archive,high,Demonstration record derived from low-density representative composite images; not the full private longitudinal archive and not independently validated ground truth.
CSNRRM-OBS-0434,2025-05-08,14:30:58,434,hand,CSNRRM-OBS-0433,CSNRRM-OBS-0435,Representative image selected from private longitudinal archive,high,Demonstration record derived from low-density representative composite images; not the full private longitudinal archive and not independently validated ground truth.
CSNRRM-OBS-0435,2025-05-19,16:38:14,435,hand,CSNRRM-OBS-0434,CSNRRM-OBS-0436,Representative image selected from private longitudinal archive,high,Demonstration record derived from low-density representative composite images; not the full private longitudinal archive and not independently validated ground truth.
CSNRRM-OBS-0436,2025-05-19,16:38:17,436,hand,CSNRRM-OBS-0435,CSNRRM-OBS-0437,Representative image selected from private longitudinal archive,high,Demonstration record derived from low-density representative composite images; not the full private longitudinal archive and not independently validated ground truth.
CSNRRM-OBS-0437,2025-05-19,16:38:22,437,hand,CSNRRM-OBS-0436,CSNRRM-OBS-0438,Representative image selected from private longitudinal archive,high,Demonstration record derived from low-density representative composite images; not the full private longitudinal archive and not independently validated ground truth.
CSNRRM-OBS-0438,2025-05-21,11:51:47,438,hand,CSNRRM-OBS-0437,CSNRRM-OBS-0439,Representative image selected from private longitudinal archive,high,Demonstration record derived from low-density representative composite images; not the full private longitudinal archive and not independently validated ground truth.
CSNRRM-OBS-0439,2025-05-21,11:51:49,439,hand,CSNRRM-OBS-0438,CSNRRM-OBS-0440,Representative image selected from private longitudinal archive,high,Demonstration record derived from low-density representative composite images; not the full private longitudinal archive and not independently validated ground truth.
CSNRRM-OBS-0440,2025-05-21,11:51:55,440,hand,CSNRRM-OBS-0439,CSNRRM-OBS-0441,Representative image selected from private longitudinal archive,high,Demonstration record derived from low-density representative composite images; not the full private longitudinal archive and not independently validated ground truth.
CSNRRM-OBS-0441,2025-05-21,11:52:05,441,hand,CSNRRM-OBS-0440,CSNRRM-OBS-0442,Representative image selected from private longitudinal archive,high,Demonstration record derived from low-density representative composite images; not the full private longitudinal archive and not independently validated ground truth.
CSNRRM-OBS-0442,2025-05-21,11:52:10,442,hand,CSNRRM-OBS-0441,CSNRRM-OBS-0443,Representative image selected from private longitudinal archive,high,Demonstration record derived from low-density representative composite images; not the full private longitudinal archive and not independently validated ground truth.
CSNRRM-OBS-0443,2025-05-21,11:52:29,443,foot,CSNRRM-OBS-0442,CSNRRM-OBS-0444,Representative image selected from private longitudinal archive,high,Demonstration record derived from low-density representative composite images; not the full private longitudinal archive and not independently validated ground truth.
CSNRRM-OBS-0444,2025-05-23,17:46:36,444,leg,CSNRRM-OBS-0443,CSNRRM-OBS-0445,Representative image selected from private longitudinal archive,high,Demonstration record derived from low-density representative composite images; not the full private longitudinal archive and not independently validated ground truth.
CSNRRM-OBS-0445,2025-05-23,17:46:38,445,leg,CSNRRM-OBS-0444,CSNRRM-OBS-0446,Representative image selected from private longitudinal archive,high,Demonstration record derived from low-density representative composite images; not the full private longitudinal archive and not independently validated ground truth.
CSNRRM-OBS-0446,2025-05-23,17:46:41,446,leg,CSNRRM-OBS-0445,CSNRRM-OBS-0447,Representative image selected from private longitudinal archive,high,Demonstration record derived from low-density representative composite images; not the full private longitudinal archive and not independently validated ground truth.
CSNRRM-OBS-0447,2025-05-23,17:46:45,447,foot,CSNRRM-OBS-0446,CSNRRM-OBS-0448,Representative image selected from private longitudinal archive,high,Demonstration record derived from low-density representative composite images; not the full private longitudinal archive and not independently validated ground truth.
CSNRRM-OBS-0448,2025-05-23,17:46:47,448,"unknown (leg/foot transition, not confidently specific)",CSNRRM-OBS-0447,CSNRRM-OBS-0449,Representative image selected from private longitudinal archive,medium,Demonstration record derived from low-density representative composite images; not the full private longitudinal archive and not independently validated ground truth.
CSNRRM-OBS-0449,2025-05-23,17:46:57,449,groin/pelvic area,CSNRRM-OBS-0448,CSNRRM-OBS-0450,Representative image selected from private longitudinal archive,high,Demonstration record derived from low-density representative composite images; not the full private longitudinal archive and not independently validated ground truth.
CSNRRM-OBS-0450,2025-05-23,17:47:02,450,groin/pelvic area,CSNRRM-OBS-0449,CSNRRM-OBS-0451,Representative image selected from private longitudinal archive,high,Demonstration record derived from low-density representative composite images; not the full private longitudinal archive and not independently validated ground truth.
CSNRRM-OBS-0451,2025-05-23,17:47:08,451,groin/pelvic area,CSNRRM-OBS-0450,CSNRRM-OBS-0452,Representative image selected from private longitudinal archive,high,Demonstration record derived from low-density representative composite images; not the full private longitudinal archive and not independently validated ground truth.
CSNRRM-OBS-0452,2025-05-28,07:20:18,452,foot,CSNRRM-OBS-0451,CSNRRM-OBS-0453,Representative image selected from private longitudinal archive,high,Demonstration record derived from low-density representative composite images; not the full private longitudinal archive and not independently validated ground truth.
CSNRRM-OBS-0453,2025-05-28,07:20:24,453,foot,CSNRRM-OBS-0452,CSNRRM-OBS-0454,Representative image selected from private longitudinal archive,high,Demonstration record derived from low-density representative composite images; not the full private longitudinal archive and not independently validated ground truth.
CSNRRM-OBS-0454,2025-05-28,07:21:41,454,leg,CSNRRM-OBS-0453,CSNRRM-OBS-0455,Representative image selected from private longitudinal archive,high,Demonstration record derived from low-density representative composite images; not the full private longitudinal archive and not independently validated ground truth.
CSNRRM-OBS-0455,2025-05-28,07:21:42,455,leg,CSNRRM-OBS-0454,CSNRRM-OBS-0456,Representative image selected from private longitudinal archive,high,Demonstration record derived from low-density representative composite images; not the full private longitudinal archive and not independently validated ground truth.
CSNRRM-OBS-0456,2025-05-28,12:52:14,456,"unknown (inner thigh/groin area, not confidently specific)",CSNRRM-OBS-0455,CSNRRM-OBS-0457,Representative image selected from private longitudinal archive,medium,Demonstration record derived from low-density representative composite images; not the full private longitudinal archive and not independently validated ground truth.
CSNRRM-OBS-0457,2025-05-28,12:52:19,457,arm (forearm),CSNRRM-OBS-0456,CSNRRM-OBS-0458,Representative image selected from private longitudinal archive,high,Demonstration record derived from low-density representative composite images; not the full private longitudinal archive and not independently validated ground truth.
CSNRRM-OBS-0458,2025-05-28,12:52:33,458,arm (forearm),CSNRRM-OBS-0457,CSNRRM-OBS-0459,Representative image selected from private longitudinal archive,high,Demonstration record derived from low-density representative composite images; not the full private longitudinal archive and not independently validated ground truth.
CSNRRM-OBS-0459,2025-05-28,12:52:39,459,arm/wrist,CSNRRM-OBS-0458,CSNRRM-OBS-0460,Representative image selected from private longitudinal archive,high,Demonstration record derived from low-density representative composite images; not the full private longitudinal archive and not independently validated ground truth.
CSNRRM-OBS-0460,2025-05-28,13:22:25,460,arm/wrist,CSNRRM-OBS-0459,CSNRRM-OBS-0461,Representative image selected from private longitudinal archive,high,Demonstration record derived from low-density representative composite images; not the full private longitudinal archive and not independently validated ground truth.
CSNRRM-OBS-0461,2025-05-28,13:22:50,461,arm (forearm),CSNRRM-OBS-0460,CSNRRM-OBS-0462,Representative image selected from private longitudinal archive,high,Demonstration record derived from low-density representative composite images; not the full private longitudinal archive and not independently validated ground truth.
CSNRRM-OBS-0462,2025-05-28,13:23:40,462,arm (forearm),CSNRRM-OBS-0461,CSNRRM-OBS-0463,Representative image selected from private longitudinal archive,high,Demonstration record derived from low-density representative composite images; not the full private longitudinal archive and not independently validated ground truth.
CSNRRM-OBS-0463,2025-05-28,13:23:41,463,arm (forearm),CSNRRM-OBS-0462,CSNRRM-OBS-0464,Representative image selected from private longitudinal archive,high,Demonstration record derived from low-density representative composite images; not the full private longitudinal archive and not independently validated ground truth.
CSNRRM-OBS-0464,2025-05-28,13:24:00,464,hand,CSNRRM-OBS-0463,CSNRRM-OBS-0465,Representative image selected from private longitudinal archive,high,Demonstration record derived from low-density representative composite images; not the full private longitudinal archive and not independently validated ground truth.
CSNRRM-OBS-0465,2025-05-28,13:24:06,465,hand,CSNRRM-OBS-0464,CSNRRM-OBS-0466,Representative image selected from private longitudinal archive,high,Demonstration record derived from low-density representative composite images; not the full private longitudinal archive and not independently validated ground truth.
CSNRRM-OBS-0466,2025-05-29,07:38:12,466,foot,CSNRRM-OBS-0465,CSNRRM-OBS-0467,Representative image selected from private longitudinal archive,high,Demonstration record derived from low-density representative composite images; not the full private longitudinal archive and not independently validated ground truth.
CSNRRM-OBS-0467,2025-05-29,07:38:16,467,foot,CSNRRM-OBS-0466,CSNRRM-OBS-0468,Representative image selected from private longitudinal archive,high,Demonstration record derived from low-density representative composite images; not the full private longitudinal archive and not independently validated ground truth.
CSNRRM-OBS-0468,2025-05-29,07:38:18,468,foot,CSNRRM-OBS-0467,CSNRRM-OBS-0469,Representative image selected from private longitudinal archive,high,Demonstration record derived from low-density representative composite images; not the full private longitudinal archive and not independently validated ground truth.
CSNRRM-OBS-0469,2025-05-29,07:38:25,469,foot,CSNRRM-OBS-0468,CSNRRM-OBS-0470,Representative image selected from private longitudinal archive,high,Demonstration record derived from low-density representative composite images; not the full private longitudinal archive and not independently validated ground truth.
CSNRRM-OBS-0470,2025-05-29,07:38:47,470,foot,CSNRRM-OBS-0469,CSNRRM-OBS-0471,Representative image selected from private longitudinal archive,high,Demonstration record derived from low-density representative composite images; not the full private longitudinal archive and not independently validated ground truth.
CSNRRM-OBS-0471,2025-05-31,10:25:09,471,arm/wrist,CSNRRM-OBS-0470,CSNRRM-OBS-0472,Representative image selected from private longitudinal archive,high,Demonstration record derived from low-density representative composite images; not the full private longitudinal archive and not independently validated ground truth.
CSNRRM-OBS-0472,2025-05-31,10:25:15,472,arm (forearm),CSNRRM-OBS-0471,CSNRRM-OBS-0473,Representative image selected from private longitudinal archive,high,Demonstration record derived from low-density representative composite images; not the full private longitudinal archive and not independently validated ground truth.
CSNRRM-OBS-0473,2025-05-31,10:25:20,473,hand,CSNRRM-OBS-0472,CSNRRM-OBS-0474,Representative image selected from private longitudinal archive,high,Demonstration record derived from low-density representative composite images; not the full private longitudinal archive and not independently validated ground truth.
CSNRRM-OBS-0474,2025-05-31,10:25:24,474,hand,CSNRRM-OBS-0473,CSNRRM-OBS-0475,Representative image selected from private longitudinal archive,high,Demonstration record derived from low-density representative composite images; not the full private longitudinal archive and not independently validated ground truth.
CSNRRM-OBS-0475,2025-06-06,19:43:17,475,"unknown (foot/ankle area, not confidently specific)",CSNRRM-OBS-0474,CSNRRM-OBS-0476,Representative image selected from private longitudinal archive,medium,Demonstration record derived from low-density representative composite images; not the full private longitudinal archive and not independently validated ground truth.
CSNRRM-OBS-0476,2025-06-06,19:43:18,476,"unknown (foot/ankle area, not confidently specific)",CSNRRM-OBS-0475,CSNRRM-OBS-0477,Representative image selected from private longitudinal archive,medium,Demonstration record derived from low-density representative composite images; not the full private longitudinal archive and not independently validated ground truth.
CSNRRM-OBS-0477,2025-06-09,07:22:57,477,torso (chest/abdomen),CSNRRM-OBS-0476,CSNRRM-OBS-0478,Representative image selected from private longitudinal archive,high,Demonstration record derived from low-density representative composite images; not the full private longitudinal archive and not independently validated ground truth.
CSNRRM-OBS-0478,2025-06-09,07:23:02,478,torso (chest/abdomen),CSNRRM-OBS-0477,CSNRRM-OBS-0479,Representative image selected from private longitudinal archive,high,Demonstration record derived from low-density representative composite images; not the full private longitudinal archive and not independently validated ground truth.
CSNRRM-OBS-0479,2025-06-09,07:23:09,479,torso (chest/abdomen),CSNRRM-OBS-0478,CSNRRM-OBS-0480,Representative image selected from private longitudinal archive,high,Demonstration record derived from low-density representative composite images; not the full private longitudinal archive and not independently validated ground truth.
CSNRRM-OBS-0480,2025-06-09,07:23:13,480,torso (side/back),CSNRRM-OBS-0479,CSNRRM-OBS-0481,Representative image selected from private longitudinal archive,high,Demonstration record derived from low-density representative composite images; not the full private longitudinal archive and not independently validated ground truth.
CSNRRM-OBS-0481,2025-06-09,07:23:15,481,torso (back),CSNRRM-OBS-0480,CSNRRM-OBS-0482,Representative image selected from private longitudinal archive,high,Demonstration record derived from low-density representative composite images; not the full private longitudinal archive and not independently validated ground truth.
CSNRRM-OBS-0482,2025-06-09,07:23:23,482,torso (back),CSNRRM-OBS-0481,CSNRRM-OBS-0483,Representative image selected from private longitudinal archive,high,Demonstration record derived from low-density representative composite images; not the full private longitudinal archive and not independently validated ground truth.
CSNRRM-OBS-0483,2025-06-09,07:23:34,483,torso (back),CSNRRM-OBS-0482,CSNRRM-OBS-0484,Representative image selected from private longitudinal archive,high,Demonstration record derived from low-density representative composite images; not the full private longitudinal archive and not independently validated ground truth.
CSNRRM-OBS-0484,2025-06-09,07:23:39,484,torso (back),CSNRRM-OBS-0483,CSNRRM-OBS-0485,Representative image selected from private longitudinal archive,high,Demonstration record derived from low-density representative composite images; not the full private longitudinal archive and not independently validated ground truth.
CSNRRM-OBS-0485,2025-06-09,07:24:19,485,torso (chest),CSNRRM-OBS-0484,CSNRRM-OBS-0486,Representative image selected from private longitudinal archive,high,Demonstration record derived from low-density representative composite images; not the full private longitudinal archive and not independently validated ground truth.
CSNRRM-OBS-0486,2025-06-09,07:24:22,486,torso (chest),CSNRRM-OBS-0485,CSNRRM-OBS-0487,Representative image selected from private longitudinal archive,high,Demonstration record derived from low-density representative composite images; not the full private longitudinal archive and not independently validated ground truth.
CSNRRM-OBS-0487,2025-06-09,07:24:26,487,torso (side),CSNRRM-OBS-0486,CSNRRM-OBS-0488,Representative image selected from private longitudinal archive,high,Demonstration record derived from low-density representative composite images; not the full private longitudinal archive and not independently validated ground truth.
CSNRRM-OBS-0488,2025-06-09,07:24:53,488,torso (back),CSNRRM-OBS-0487,CSNRRM-OBS-0489,Representative image selected from private longitudinal archive,high,Demonstration record derived from low-density representative composite images; not the full private longitudinal archive and not independently validated ground truth.
CSNRRM-OBS-0489,2025-06-09,07:24:54,489,torso (back),CSNRRM-OBS-0488,CSNRRM-OBS-0490,Representative image selected from private longitudinal archive,high,Demonstration record derived from low-density representative composite images; not the full private longitudinal archive and not independently validated ground truth.
CSNRRM-OBS-0490,2025-06-09,07:24:58,490,torso (back),CSNRRM-OBS-0489,CSNRRM-OBS-0491,Representative image selected from private longitudinal archive,high,Demonstration record derived from low-density representative composite images; not the full private longitudinal archive and not independently validated ground truth.
CSNRRM-OBS-0491,2025-06-09,07:25:18,491,leg,CSNRRM-OBS-0490,CSNRRM-OBS-0492,Representative image selected from private longitudinal archive,high,Demonstration record derived from low-density representative composite images; not the full private longitudinal archive and not independently validated ground truth.
CSNRRM-OBS-0492,2025-06-09,07:25:20,492,leg,CSNRRM-OBS-0491,CSNRRM-OBS-0493,Representative image selected from private longitudinal archive,high,Demonstration record derived from low-density representative composite images; not the full private longitudinal archive and not independently validated ground truth.
CSNRRM-OBS-0493,2025-06-09,07:25:21,493,leg,CSNRRM-OBS-0492,CSNRRM-OBS-0494,Representative image selected from private longitudinal archive,high,Demonstration record derived from low-density representative composite images; not the full private longitudinal archive and not independently validated ground truth.
CSNRRM-OBS-0494,2025-06-28,07:41:25,494,buttocks/hip area,CSNRRM-OBS-0493,CSNRRM-OBS-0495,Representative image selected from private longitudinal archive,high,Demonstration record derived from low-density representative composite images; not the full private longitudinal archive and not independently validated ground truth.
CSNRRM-OBS-0495,2025-06-28,07:41:27,495,buttocks/hip area,CSNRRM-OBS-0494,CSNRRM-OBS-0496,Representative image selected from private longitudinal archive,high,Demonstration record derived from low-density representative composite images; not the full private longitudinal archive and not independently validated ground truth.
CSNRRM-OBS-0496,2025-06-28,07:41:32,496,buttocks/hip area,CSNRRM-OBS-0495,CSNRRM-OBS-0497,Representative image selected from private longitudinal archive,high,Demonstration record derived from low-density representative composite images; not the full private longitudinal archive and not independently validated ground truth.
CSNRRM-OBS-0497,2025-06-28,07:41:42,497,torso,CSNRRM-OBS-0496,CSNRRM-OBS-0498,Representative image selected from private longitudinal archive,high,Demonstration record derived from low-density representative composite images; not the full private longitudinal archive and not independently validated ground truth.
CSNRRM-OBS-0498,2025-06-28,07:42:18,498,torso (back),CSNRRM-OBS-0497,CSNRRM-OBS-0499,Representative image selected from private longitudinal archive,high,Demonstration record derived from low-density representative composite images; not the full private longitudinal archive and not independently validated ground truth.
CSNRRM-OBS-0499,2025-06-28,07:42:21,499,torso/arm,CSNRRM-OBS-0498,CSNRRM-OBS-0500,Representative image selected from private longitudinal archive,high,Demonstration record derived from low-density representative composite images; not the full private longitudinal archive and not independently validated ground truth.
CSNRRM-OBS-0500,2025-06-28,07:42:31,500,torso,CSNRRM-OBS-0499,CSNRRM-OBS-0501,Representative image selected from private longitudinal archive,high,Demonstration record derived from low-density representative composite images; not the full private longitudinal archive and not independently validated ground truth.
CSNRRM-OBS-0501,2025-06-28,07:42:36,501,torso,CSNRRM-OBS-0500,CSNRRM-OBS-0502,Representative image selected from private longitudinal archive,high,Demonstration record derived from low-density representative composite images; not the full private longitudinal archive and not independently validated ground truth.
CSNRRM-OBS-0502,2025-07-01,08:32:52,502,full body (posterior view),CSNRRM-OBS-0501,CSNRRM-OBS-0503,Representative image selected from private longitudinal archive,high,Demonstration record derived from low-density representative composite images; not the full private longitudinal archive and not independently validated ground truth.
CSNRRM-OBS-0503,2025-07-01,08:32:55,503,full body (posterior view),CSNRRM-OBS-0502,CSNRRM-OBS-0504,Representative image selected from private longitudinal archive,high,Demonstration record derived from low-density representative composite images; not the full private longitudinal archive and not independently validated ground truth.
CSNRRM-OBS-0504,2025-07-01,08:33:47,504,"torso (back, upper)",CSNRRM-OBS-0503,CSNRRM-OBS-0505,Representative image selected from private longitudinal archive,high,Demonstration record derived from low-density representative composite images; not the full private longitudinal archive and not independently validated ground truth.
CSNRRM-OBS-0505,2025-07-01,08:33:50,505,"torso (back, upper)",CSNRRM-OBS-0504,CSNRRM-OBS-0506,Representative image selected from private longitudinal archive,high,Demonstration record derived from low-density representative composite images; not the full private longitudinal archive and not independently validated ground truth.
CSNRRM-OBS-0506,2025-07-01,08:36:26,506,full body (anterior view),CSNRRM-OBS-0505,CSNRRM-OBS-0507,Representative image selected from private longitudinal archive,high,Demonstration record derived from low-density representative composite images; not the full private longitudinal archive and not independently validated ground truth.
CSNRRM-OBS-0507,2025-07-01,08:36:30,507,full body (anterior view),CSNRRM-OBS-0506,CSNRRM-OBS-0508,Representative image selected from private longitudinal archive,high,Demonstration record derived from low-density representative composite images; not the full private longitudinal archive and not independently validated ground truth.
CSNRRM-OBS-0508,2025-07-04,08:12:53,508,full body (posterior view),CSNRRM-OBS-0507,CSNRRM-OBS-0509,Representative image selected from private longitudinal archive,high,Demonstration record derived from low-density representative composite images; not the full private longitudinal archive and not independently validated ground truth.
CSNRRM-OBS-0509,2025-07-04,08:12:54,509,full body (posterior view),CSNRRM-OBS-0508,CSNRRM-OBS-0510,Representative image selected from private longitudinal archive,high,Demonstration record derived from low-density representative composite images; not the full private longitudinal archive and not independently validated ground truth.
CSNRRM-OBS-0510,2025-07-04,08:13:34,510,"torso (back, upper)",CSNRRM-OBS-0509,CSNRRM-OBS-0511,Representative image selected from private longitudinal archive,high,Demonstration record derived from low-density representative composite images; not the full private longitudinal archive and not independently validated ground truth.
CSNRRM-OBS-0511,2025-07-04,08:13:35,511,"torso (back, upper)",CSNRRM-OBS-0510,CSNRRM-OBS-0512,Representative image selected from private longitudinal archive,high,Demonstration record derived from low-density representative composite images; not the full private longitudinal archive and not independently validated ground truth.
CSNRRM-OBS-0512,2025-07-07,11:54:29,512,face,CSNRRM-OBS-0511,CSNRRM-OBS-0513,Representative image selected from private longitudinal archive,high,Demonstration record derived from low-density representative composite images; not the full private longitudinal archive and not independently validated ground truth.
CSNRRM-OBS-0513,2025-07-07,11:54:32,513,face,CSNRRM-OBS-0512,CSNRRM-OBS-0514,Representative image selected from private longitudinal archive,high,Demonstration record derived from low-density representative composite images; not the full private longitudinal archive and not independently validated ground truth.
CSNRRM-OBS-0514,2025-07-07,11:54:34,514,face,CSNRRM-OBS-0513,CSNRRM-OBS-0515,Representative image selected from private longitudinal archive,high,Demonstration record derived from low-density representative composite images; not the full private longitudinal archive and not independently validated ground truth.
CSNRRM-OBS-0515,2025-07-07,11:55:56,515,face,CSNRRM-OBS-0514,CSNRRM-OBS-0516,Representative image selected from private longitudinal archive,high,Demonstration record derived from low-density representative composite images; not the full private longitudinal archive and not independently validated ground truth.
CSNRRM-OBS-0516,2025-07-07,11:55:57,516,face,CSNRRM-OBS-0515,CSNRRM-OBS-0517,Representative image selected from private longitudinal archive,high,Demonstration record derived from low-density representative composite images; not the full private longitudinal archive and not independently validated ground truth.
CSNRRM-OBS-0517,2025-07-07,11:55:59,517,face,CSNRRM-OBS-0516,CSNRRM-OBS-0518,Representative image selected from private longitudinal archive,high,Demonstration record derived from low-density representative composite images; not the full private longitudinal archive and not independently validated ground truth.
CSNRRM-OBS-0518,2025-07-07,11:56:00,518,face,CSNRRM-OBS-0517,CSNRRM-OBS-0519,Representative image selected from private longitudinal archive,high,Demonstration record derived from low-density representative composite images; not the full private longitudinal archive and not independently validated ground truth.
CSNRRM-OBS-0519,2025-07-07,11:56:04,519,face,CSNRRM-OBS-0518,CSNRRM-OBS-0520,Representative image selected from private longitudinal archive,high,Demonstration record derived from low-density representative composite images; not the full private longitudinal archive and not independently validated ground truth.
CSNRRM-OBS-0520,2025-07-07,11:56:20,520,face,CSNRRM-OBS-0519,CSNRRM-OBS-0521,Representative image selected from private longitudinal archive,high,Demonstration record derived from low-density representative composite images; not the full private longitudinal archive and not independently validated ground truth.
CSNRRM-OBS-0521,2025-07-07,11:56:35,521,face,CSNRRM-OBS-0520,CSNRRM-OBS-0522,Representative image selected from private longitudinal archive,high,Demonstration record derived from low-density representative composite images; not the full private longitudinal archive and not independently validated ground truth.
CSNRRM-OBS-0522,2025-07-07,11:56:42,522,face,CSNRRM-OBS-0521,CSNRRM-OBS-0523,Representative image selected from private longitudinal archive,high,Demonstration record derived from low-density representative composite images; not the full private longitudinal archive and not independently validated ground truth.
CSNRRM-OBS-0523,2025-07-07,11:56:43,523,face,CSNRRM-OBS-0522,CSNRRM-OBS-0524,Representative image selected from private longitudinal archive,high,Demonstration record derived from low-density representative composite images; not the full private longitudinal archive and not independently validated ground truth.
CSNRRM-OBS-0524,2025-07-07,11:56:45,524,face,CSNRRM-OBS-0523,CSNRRM-OBS-0525,Representative image selected from private longitudinal archive,high,Demonstration record derived from low-density representative composite images; not the full private longitudinal archive and not independently validated ground truth.
CSNRRM-OBS-0525,2025-07-07,11:56:46,525,face,CSNRRM-OBS-0524,CSNRRM-OBS-0526,Representative image selected from private longitudinal archive,high,Demonstration record derived from low-density representative composite images; not the full private longitudinal archive and not independently validated ground truth.
CSNRRM-OBS-0526,2025-07-07,11:57:32,526,face,CSNRRM-OBS-0525,CSNRRM-OBS-0527,Representative image selected from private longitudinal archive,high,Demonstration record derived from low-density representative composite images; not the full private longitudinal archive and not independently validated ground truth.
CSNRRM-OBS-0527,2025-07-07,11:57:35,527,face,CSNRRM-OBS-0526,CSNRRM-OBS-0528,Representative image selected from private longitudinal archive,high,Demonstration record derived from low-density representative composite images; not the full private longitudinal archive and not independently validated ground truth.
CSNRRM-OBS-0528,2025-07-07,11:57:37,528,face,CSNRRM-OBS-0527,CSNRRM-OBS-0529,Representative image selected from private longitudinal archive,high,Demonstration record derived from low-density representative composite images; not the full private longitudinal archive and not independently validated ground truth.
CSNRRM-OBS-0529,2025-07-07,12:53:31,529,hand,CSNRRM-OBS-0528,CSNRRM-OBS-0530,Representative image selected from private longitudinal archive,high,Demonstration record derived from low-density representative composite images; not the full private longitudinal archive and not independently validated ground truth.
CSNRRM-OBS-0530,2025-07-07,12:53:33,530,hand,CSNRRM-OBS-0529,CSNRRM-OBS-0531,Representative image selected from private longitudinal archive,high,Demonstration record derived from low-density representative composite images; not the full private longitudinal archive and not independently validated ground truth.
CSNRRM-OBS-0531,2025-07-17,13:16:39,531,hand,CSNRRM-OBS-0530,CSNRRM-OBS-0532,Representative image selected from private longitudinal archive,high,Demonstration record derived from low-density representative composite images; not the full private longitudinal archive and not independently validated ground truth.
CSNRRM-OBS-0532,2025-07-17,13:16:42,532,hand,CSNRRM-OBS-0531,CSNRRM-OBS-0533,Representative image selected from private longitudinal archive,high,Demonstration record derived from low-density representative composite images; not the full private longitudinal archive and not independently validated ground truth.
CSNRRM-OBS-0533,2025-07-31,08:18:14,533,arm/wrist,CSNRRM-OBS-0532,CSNRRM-OBS-0534,Representative image selected from private longitudinal archive,high,Demonstration record derived from low-density representative composite images; not the full private longitudinal archive and not independently validated ground truth.
CSNRRM-OBS-0534,2025-07-31,08:18:18,534,arm (forearm),CSNRRM-OBS-0533,CSNRRM-OBS-0535,Representative image selected from private longitudinal archive,high,Demonstration record derived from low-density representative composite images; not the full private longitudinal archive and not independently validated ground truth.
CSNRRM-OBS-0535,2025-07-31,08:18:23,535,arm (forearm),CSNRRM-OBS-0534,CSNRRM-OBS-0536,Representative image selected from private longitudinal archive,high,Demonstration record derived from low-density representative composite images; not the full private longitudinal archive and not independently validated ground truth.
CSNRRM-OBS-0536,2025-07-31,08:18:29,536,arm (forearm),CSNRRM-OBS-0535,CSNRRM-OBS-0537,Representative image selected from private longitudinal archive,high,Demonstration record derived from low-density representative composite images; not the full private longitudinal archive and not independently validated ground truth.
CSNRRM-OBS-0537,2025-08-16,09:44:38,537,hand,CSNRRM-OBS-0536,CSNRRM-OBS-0538,Representative image selected from private longitudinal archive,high,Demonstration record derived from low-density representative composite images; not the full private longitudinal archive and not independently validated ground truth.
CSNRRM-OBS-0538,2025-08-16,09:44:49,538,hand,CSNRRM-OBS-0537,CSNRRM-OBS-0539,Representative image selected from private longitudinal archive,high,Demonstration record derived from low-density representative composite images; not the full private longitudinal archive and not independently validated ground truth.
CSNRRM-OBS-0539,2025-08-21,08:55:18,539,face,CSNRRM-OBS-0538,CSNRRM-OBS-0540,Representative image selected from private longitudinal archive,high,Demonstration record derived from low-density representative composite images; not the full private longitudinal archive and not independently validated ground truth.
CSNRRM-OBS-0540,2025-08-21,08:55:32,540,face,CSNRRM-OBS-0539,CSNRRM-OBS-0541,Representative image selected from private longitudinal archive,high,Demonstration record derived from low-density representative composite images; not the full private longitudinal archive and not independently validated ground truth.
CSNRRM-OBS-0541,2025-08-21,08:55:41,541,face,CSNRRM-OBS-0540,CSNRRM-OBS-0542,Representative image selected from private longitudinal archive,high,Demonstration record derived from low-density representative composite images; not the full private longitudinal archive and not independently validated ground truth.
CSNRRM-OBS-0542,2025-08-21,08:55:56,542,face,CSNRRM-OBS-0541,CSNRRM-OBS-0543,Representative image selected from private longitudinal archive,high,Demonstration record derived from low-density representative composite images; not the full private longitudinal archive and not independently validated ground truth.
CSNRRM-OBS-0543,2025-08-26,10:21:32,543,face,CSNRRM-OBS-0542,CSNRRM-OBS-0544,Representative image selected from private longitudinal archive,high,Demonstration record derived from low-density representative composite images; not the full private longitudinal archive and not independently validated ground truth.
CSNRRM-OBS-0544,2025-08-27,10:45:12,544,hand,CSNRRM-OBS-0543,CSNRRM-OBS-0545,Representative image selected from private longitudinal archive,high,Demonstration record derived from low-density representative composite images; not the full private longitudinal archive and not independently validated ground truth.
CSNRRM-OBS-0545,2025-08-27,10:45:52,545,hand,CSNRRM-OBS-0544,CSNRRM-OBS-0546,Representative image selected from private longitudinal archive,high,Demonstration record derived from low-density representative composite images; not the full private longitudinal archive and not independently validated ground truth.
CSNRRM-OBS-0546,2025-08-27,10:45:53,546,hand,CSNRRM-OBS-0545,CSNRRM-OBS-0547,Representative image selected from private longitudinal archive,high,Demonstration record derived from low-density representative composite images; not the full private longitudinal archive and not independently validated ground truth.
CSNRRM-OBS-0547,2025-08-27,10:46:06,547,hand,CSNRRM-OBS-0546,CSNRRM-OBS-0548,Representative image selected from private longitudinal archive,high,Demonstration record derived from low-density representative composite images; not the full private longitudinal archive and not independently validated ground truth.
CSNRRM-OBS-0548,2025-08-27,10:46:07,548,hand,CSNRRM-OBS-0547,CSNRRM-OBS-0549,Representative image selected from private longitudinal archive,high,Demonstration record derived from low-density representative composite images; not the full private longitudinal archive and not independently validated ground truth.
CSNRRM-OBS-0549,2025-08-28,unknown,549,torso (upper back),CSNRRM-OBS-0548,CSNRRM-OBS-0550,Representative image selected from private longitudinal archive,medium,Demonstration record derived from low-density representative composite images; not the full private longitudinal archive and not independently validated ground truth.
CSNRRM-OBS-0550,2025-08-28,09:07:10,550,foot,CSNRRM-OBS-0549,CSNRRM-OBS-0551,Representative image selected from private longitudinal archive,high,Demonstration record derived from low-density representative composite images; not the full private longitudinal archive and not independently validated ground truth.
CSNRRM-OBS-0551,2025-08-28,09:07:26,551,foot,CSNRRM-OBS-0550,CSNRRM-OBS-0552,Representative image selected from private longitudinal archive,high,Demonstration record derived from low-density representative composite images; not the full private longitudinal archive and not independently validated ground truth.
CSNRRM-OBS-0552,2025-08-28,09:07:29,552,foot,CSNRRM-OBS-0551,CSNRRM-OBS-0553,Representative image selected from private longitudinal archive,high,Demonstration record derived from low-density representative composite images; not the full private longitudinal archive and not independently validated ground truth.
CSNRRM-OBS-0553,2025-08-28,18:14:00,553,torso (back),CSNRRM-OBS-0552,CSNRRM-OBS-0554,Representative image selected from private longitudinal archive,high,Demonstration record derived from low-density representative composite images; not the full private longitudinal archive and not independently validated ground truth.
CSNRRM-OBS-0554,2025-08-28,18:14:09,554,torso (back),CSNRRM-OBS-0553,CSNRRM-OBS-0555,Representative image selected from private longitudinal archive,high,Demonstration record derived from low-density representative composite images; not the full private longitudinal archive and not independently validated ground truth.
CSNRRM-OBS-0555,2025-08-28,18:14:10,555,torso (back),CSNRRM-OBS-0554,CSNRRM-OBS-0556,Representative image selected from private longitudinal archive,high,Demonstration record derived from low-density representative composite images; not the full private longitudinal archive and not independently validated ground truth.
CSNRRM-OBS-0556,2025-08-28,unknown,556,torso (back),CSNRRM-OBS-0555,CSNRRM-OBS-0557,Representative image selected from private longitudinal archive,medium,Demonstration record derived from low-density representative composite images; not the full private longitudinal archive and not independently validated ground truth.
CSNRRM-OBS-0557,2025-09-17,15:04:43,557,face,CSNRRM-OBS-0556,CSNRRM-OBS-0558,Representative image selected from private longitudinal archive,high,Demonstration record derived from low-density representative composite images; not the full private longitudinal archive and not independently validated ground truth.
CSNRRM-OBS-0558,2025-09-17,15:05:04,558,face,CSNRRM-OBS-0557,CSNRRM-OBS-0559,Representative image selected from private longitudinal archive,high,Demonstration record derived from low-density representative composite images; not the full private longitudinal archive and not independently validated ground truth.
CSNRRM-OBS-0559,2025-09-17,15:05:28,559,face,CSNRRM-OBS-0558,CSNRRM-OBS-0560,Representative image selected from private longitudinal archive,high,Demonstration record derived from low-density representative composite images; not the full private longitudinal archive and not independently validated ground truth.
CSNRRM-OBS-0560,2025-09-17,15:05:29,560,face,CSNRRM-OBS-0559,CSNRRM-OBS-0561,Representative image selected from private longitudinal archive,high,Demonstration record derived from low-density representative composite images; not the full private longitudinal archive and not independently validated ground truth.
CSNRRM-OBS-0561,2025-09-17,15:05:37,561,face,CSNRRM-OBS-0560,CSNRRM-OBS-0562,Representative image selected from private longitudinal archive,high,Demonstration record derived from low-density representative composite images; not the full private longitudinal archive and not independently validated ground truth.
CSNRRM-OBS-0562,2025-09-17,15:05:38,562,face,CSNRRM-OBS-0561,CSNRRM-OBS-0563,Representative image selected from private longitudinal archive,high,Demonstration record derived from low-density representative composite images; not the full private longitudinal archive and not independently validated ground truth.
CSNRRM-OBS-0563,2025-09-17,15:05:48,563,face,CSNRRM-OBS-0562,CSNRRM-OBS-0564,Representative image selected from private longitudinal archive,high,Demonstration record derived from low-density representative composite images; not the full private longitudinal archive and not independently validated ground truth.
CSNRRM-OBS-0564,2025-09-17,15:05:54,564,"arm (forearm, hand raised)",CSNRRM-OBS-0563,CSNRRM-OBS-0565,Representative image selected from private longitudinal archive,high,Demonstration record derived from low-density representative composite images; not the full private longitudinal archive and not independently validated ground truth.
CSNRRM-OBS-0565,2025-09-17,15:05:58,565,arm (forearm),CSNRRM-OBS-0564,CSNRRM-OBS-0566,Representative image selected from private longitudinal archive,high,Demonstration record derived from low-density representative composite images; not the full private longitudinal archive and not independently validated ground truth.
CSNRRM-OBS-0566,2025-09-17,15:06:02,566,arm (forearm),CSNRRM-OBS-0565,CSNRRM-OBS-0567,Representative image selected from private longitudinal archive,high,Demonstration record derived from low-density representative composite images; not the full private longitudinal archive and not independently validated ground truth.
CSNRRM-OBS-0567,2025-09-20,09:07:23,567,torso,CSNRRM-OBS-0566,CSNRRM-OBS-0568,Representative image selected from private longitudinal archive,high,Demonstration record derived from low-density representative composite images; not the full private longitudinal archive and not independently validated ground truth.
CSNRRM-OBS-0568,2025-09-20,09:07:31,568,torso,CSNRRM-OBS-0567,CSNRRM-OBS-0569,Representative image selected from private longitudinal archive,high,Demonstration record derived from low-density representative composite images; not the full private longitudinal archive and not independently validated ground truth.
CSNRRM-OBS-0569,2025-09-20,09:07:32,569,torso,CSNRRM-OBS-0568,CSNRRM-OBS-0570,Representative image selected from private longitudinal archive,high,Demonstration record derived from low-density representative composite images; not the full private longitudinal archive and not independently validated ground truth.
CSNRRM-OBS-0570,2025-09-20,09:07:35,570,torso,CSNRRM-OBS-0569,CSNRRM-OBS-0571,Representative image selected from private longitudinal archive,high,Demonstration record derived from low-density representative composite images; not the full private longitudinal archive and not independently validated ground truth.
CSNRRM-OBS-0571,2025-09-20,09:07:38,571,torso,CSNRRM-OBS-0570,CSNRRM-OBS-0572,Representative image selected from private longitudinal archive,high,Demonstration record derived from low-density representative composite images; not the full private longitudinal archive and not independently validated ground truth.
CSNRRM-OBS-0572,2025-09-20,09:07:53,572,leg,CSNRRM-OBS-0571,CSNRRM-OBS-0573,Representative image selected from private longitudinal archive,high,Demonstration record derived from low-density representative composite images; not the full private longitudinal archive and not independently validated ground truth.
CSNRRM-OBS-0573,2025-09-20,09:08:08,573,leg,CSNRRM-OBS-0572,CSNRRM-OBS-0574,Representative image selected from private longitudinal archive,high,Demonstration record derived from low-density representative composite images; not the full private longitudinal archive and not independently validated ground truth.
CSNRRM-OBS-0574,2025-09-20,09:08:15,574,leg,CSNRRM-OBS-0573,CSNRRM-OBS-0575,Representative image selected from private longitudinal archive,high,Demonstration record derived from low-density representative composite images; not the full private longitudinal archive and not independently validated ground truth.
CSNRRM-OBS-0575,2025-09-20,09:08:21,575,foot,CSNRRM-OBS-0574,CSNRRM-OBS-0576,Representative image selected from private longitudinal archive,high,Demonstration record derived from low-density representative composite images; not the full private longitudinal archive and not independently validated ground truth.
CSNRRM-OBS-0576,2025-09-20,09:08:35,576,foot,CSNRRM-OBS-0575,CSNRRM-OBS-0577,Representative image selected from private longitudinal archive,high,Demonstration record derived from low-density representative composite images; not the full private longitudinal archive and not independently validated ground truth.
CSNRRM-OBS-0577,2025-09-20,09:08:37,577,foot,CSNRRM-OBS-0576,CSNRRM-OBS-0578,Representative image selected from private longitudinal archive,high,Demonstration record derived from low-density representative composite images; not the full private longitudinal archive and not independently validated ground truth.
CSNRRM-OBS-0578,2025-10-24,16:25:09,578,torso (back),CSNRRM-OBS-0577,CSNRRM-OBS-0579,Representative image selected from private longitudinal archive,high,Demonstration record derived from low-density representative composite images; not the full private longitudinal archive and not independently validated ground truth.
CSNRRM-OBS-0579,2025-10-24,16:25:20,579,torso (back),CSNRRM-OBS-0578,CSNRRM-OBS-0580,Representative image selected from private longitudinal archive,high,Demonstration record derived from low-density representative composite images; not the full private longitudinal archive and not independently validated ground truth.
CSNRRM-OBS-0580,2025-10-24,16:25:36,580,torso (back),CSNRRM-OBS-0579,CSNRRM-OBS-0581,Representative image selected from private longitudinal archive,high,Demonstration record derived from low-density representative composite images; not the full private longitudinal archive and not independently validated ground truth.
CSNRRM-OBS-0581,2025-10-24,16:25:38,581,torso (back),CSNRRM-OBS-0580,CSNRRM-OBS-0582,Representative image selected from private longitudinal archive,high,Demonstration record derived from low-density representative composite images; not the full private longitudinal archive and not independently validated ground truth.
CSNRRM-OBS-0582,2025-10-24,16:25:42,582,torso (back),CSNRRM-OBS-0581,CSNRRM-OBS-0583,Representative image selected from private longitudinal archive,high,Demonstration record derived from low-density representative composite images; not the full private longitudinal archive and not independently validated ground truth.
CSNRRM-OBS-0583,2025-10-24,16:25:46,583,torso (back),CSNRRM-OBS-0582,CSNRRM-OBS-0584,Representative image selected from private longitudinal archive,high,Demonstration record derived from low-density representative composite images; not the full private longitudinal archive and not independently validated ground truth.
CSNRRM-OBS-0584,2025-11-09,10:37:12,584,full body (posterior view),CSNRRM-OBS-0583,CSNRRM-OBS-0585,Representative image selected from private longitudinal archive,high,Demonstration record derived from low-density representative composite images; not the full private longitudinal archive and not independently validated ground truth.
CSNRRM-OBS-0585,2025-11-09,10:37:16,585,full body (posterior view),CSNRRM-OBS-0584,none,Representative image selected from private longitudinal archive,high,Demonstration record derived from low-density representative composite images; not the full private longitudinal archive and not independently validated ground truth.
